company,cik,accession,document_name,source_url,repo_relative_path,content_sha256,namespace,concept,unit,context,dimensions,period_start,period_end,value
Paramount Skydance / Paramount Global,813828,0001140361-25-021135,ny20047871x1_def14a.htm,https://www.sec.gov/Archives/edgar/data/813828/000114036125021135/ny20047871x1_def14a.htm,evidence/accession_materials/paramount_skydance_paramount_global_813828_000114036125021135/ny20047871x1_def14a.htm,67f6aa6db3d49465672a425e411c7c8dc77d445dc779453ac3a723929a40b3b8,ecd,InsiderTrdPoliciesProcAdoptedFlag,,c0,,,,INSIDER TRADING POLICY
Paramount Skydance / Paramount Global,813828,0001140361-25-021135,ny20047871x1_def14a.htm,https://www.sec.gov/Archives/edgar/data/813828/000114036125021135/ny20047871x1_def14a.htm,evidence/accession_materials/paramount_skydance_paramount_global_813828_000114036125021135/ny20047871x1_def14a.htm,67f6aa6db3d49465672a425e411c7c8dc77d445dc779453ac3a723929a40b3b8,ecd,AwardTmgMnpiDiscTextBlock,,c0,,,,Equity Award Grant Date Procedures
Paramount Skydance / Paramount Global,813828,0001140361-25-021135,ny20047871x1_def14a.htm,https://www.sec.gov/Archives/edgar/data/813828/000114036125021135/ny20047871x1_def14a.htm,evidence/accession_materials/paramount_skydance_paramount_global_813828_000114036125021135/ny20047871x1_def14a.htm,67f6aa6db3d49465672a425e411c7c8dc77d445dc779453ac3a723929a40b3b8,ecd,AwardTmgPredtrmndFlag,,c0,,,,"The grant date for equity awards is the date on which the Committee approves awards under the LTIP or, if so determined by the Committee, a future grant date, or a date specified in an employment agreement."
Paramount Skydance / Paramount Global,813828,0001140361-25-021135,ny20047871x1_def14a.htm,https://www.sec.gov/Archives/edgar/data/813828/000114036125021135/ny20047871x1_def14a.htm,evidence/accession_materials/paramount_skydance_paramount_global_813828_000114036125021135/ny20047871x1_def14a.htm,67f6aa6db3d49465672a425e411c7c8dc77d445dc779453ac3a723929a40b3b8,ecd,AwardTmgMnpiCnsdrdFlag,,c0,,,,"We do not grant equity awards in anticipation of the release of material, non-public information."
Paramount Skydance / Paramount Global,813828,0001140361-25-021135,ny20047871x1_def14a.htm,https://www.sec.gov/Archives/edgar/data/813828/000114036125021135/ny20047871x1_def14a.htm,evidence/accession_materials/paramount_skydance_paramount_global_813828_000114036125021135/ny20047871x1_def14a.htm,67f6aa6db3d49465672a425e411c7c8dc77d445dc779453ac3a723929a40b3b8,ecd,MnpiDiscTimedForCompValFlag,,c0,,,,"Similarly, we do not time the release of material, non-public information based on equity grant dates."
Paramount Skydance / Paramount Global,813828,0001140361-25-021135,ny20047871x1_def14a.htm,https://www.sec.gov/Archives/edgar/data/813828/000114036125021135/ny20047871x1_def14a.htm,evidence/accession_materials/paramount_skydance_paramount_global_813828_000114036125021135/ny20047871x1_def14a.htm,67f6aa6db3d49465672a425e411c7c8dc77d445dc779453ac3a723929a40b3b8,ecd,PvpTableTextBlock,,c0,,,,PAY VERSUS PERFORMANCE
Paramount Skydance / Paramount Global,813828,0001140361-25-021135,ny20047871x1_def14a.htm,https://www.sec.gov/Archives/edgar/data/813828/000114036125021135/ny20047871x1_def14a.htm,evidence/accession_materials/paramount_skydance_paramount_global_813828_000114036125021135/ny20047871x1_def14a.htm,67f6aa6db3d49465672a425e411c7c8dc77d445dc779453ac3a723929a40b3b8,ecd,PeoTotalCompAmt,usd,c1,,,,86961498
Paramount Skydance / Paramount Global,813828,0001140361-25-021135,ny20047871x1_def14a.htm,https://www.sec.gov/Archives/edgar/data/813828/000114036125021135/ny20047871x1_def14a.htm,evidence/accession_materials/paramount_skydance_paramount_global_813828_000114036125021135/ny20047871x1_def14a.htm,67f6aa6db3d49465672a425e411c7c8dc77d445dc779453ac3a723929a40b3b8,ecd,PeoTotalCompAmt,usd,c2,,,,19483239
Paramount Skydance / Paramount Global,813828,0001140361-25-021135,ny20047871x1_def14a.htm,https://www.sec.gov/Archives/edgar/data/813828/000114036125021135/ny20047871x1_def14a.htm,evidence/accession_materials/paramount_skydance_paramount_global_813828_000114036125021135/ny20047871x1_def14a.htm,67f6aa6db3d49465672a425e411c7c8dc77d445dc779453ac3a723929a40b3b8,ecd,PeoActuallyPaidCompAmt,usd,c1,,,,86043063
Paramount Skydance / Paramount Global,813828,0001140361-25-021135,ny20047871x1_def14a.htm,https://www.sec.gov/Archives/edgar/data/813828/000114036125021135/ny20047871x1_def14a.htm,evidence/accession_materials/paramount_skydance_paramount_global_813828_000114036125021135/ny20047871x1_def14a.htm,67f6aa6db3d49465672a425e411c7c8dc77d445dc779453ac3a723929a40b3b8,ecd,PeoActuallyPaidCompAmt,usd,c2,,,,17589877
Paramount Skydance / Paramount Global,813828,0001140361-25-021135,ny20047871x1_def14a.htm,https://www.sec.gov/Archives/edgar/data/813828/000114036125021135/ny20047871x1_def14a.htm,evidence/accession_materials/paramount_skydance_paramount_global_813828_000114036125021135/ny20047871x1_def14a.htm,67f6aa6db3d49465672a425e411c7c8dc77d445dc779453ac3a723929a40b3b8,ecd,NonPeoNeoAvgTotalCompAmt,usd,c0,,,,12751495
Paramount Skydance / Paramount Global,813828,0001140361-25-021135,ny20047871x1_def14a.htm,https://www.sec.gov/Archives/edgar/data/813828/000114036125021135/ny20047871x1_def14a.htm,evidence/accession_materials/paramount_skydance_paramount_global_813828_000114036125021135/ny20047871x1_def14a.htm,67f6aa6db3d49465672a425e411c7c8dc77d445dc779453ac3a723929a40b3b8,ecd,NonPeoNeoAvgCompActuallyPaidAmt,usd,c0,,,,10796988
Paramount Skydance / Paramount Global,813828,0001140361-25-021135,ny20047871x1_def14a.htm,https://www.sec.gov/Archives/edgar/data/813828/000114036125021135/ny20047871x1_def14a.htm,evidence/accession_materials/paramount_skydance_paramount_global_813828_000114036125021135/ny20047871x1_def14a.htm,67f6aa6db3d49465672a425e411c7c8dc77d445dc779453ac3a723929a40b3b8,ecd,PeerGroupTotalShareholderRtnAmt,usd,c0,,,,220.01
Paramount Skydance / Paramount Global,813828,0001140361-25-021135,ny20047871x1_def14a.htm,https://www.sec.gov/Archives/edgar/data/813828/000114036125021135/ny20047871x1_def14a.htm,evidence/accession_materials/paramount_skydance_paramount_global_813828_000114036125021135/ny20047871x1_def14a.htm,67f6aa6db3d49465672a425e411c7c8dc77d445dc779453ac3a723929a40b3b8,ecd,CoSelectedMeasureAmt,pure,c0,,,,-0.3009
Paramount Skydance / Paramount Global,813828,0001140361-25-021135,ny20047871x1_def14a.htm,https://www.sec.gov/Archives/edgar/data/813828/000114036125021135/ny20047871x1_def14a.htm,evidence/accession_materials/paramount_skydance_paramount_global_813828_000114036125021135/ny20047871x1_def14a.htm,67f6aa6db3d49465672a425e411c7c8dc77d445dc779453ac3a723929a40b3b8,ecd,PeoTotalCompAmt,usd,c3,,,,31257129
Paramount Skydance / Paramount Global,813828,0001140361-25-021135,ny20047871x1_def14a.htm,https://www.sec.gov/Archives/edgar/data/813828/000114036125021135/ny20047871x1_def14a.htm,evidence/accession_materials/paramount_skydance_paramount_global_813828_000114036125021135/ny20047871x1_def14a.htm,67f6aa6db3d49465672a425e411c7c8dc77d445dc779453ac3a723929a40b3b8,ecd,PeoTotalCompAmt,usd,c4,,,,—
Paramount Skydance / Paramount Global,813828,0001140361-25-021135,ny20047871x1_def14a.htm,https://www.sec.gov/Archives/edgar/data/813828/000114036125021135/ny20047871x1_def14a.htm,evidence/accession_materials/paramount_skydance_paramount_global_813828_000114036125021135/ny20047871x1_def14a.htm,67f6aa6db3d49465672a425e411c7c8dc77d445dc779453ac3a723929a40b3b8,ecd,PeoActuallyPaidCompAmt,usd,c3,,,,22339289
Paramount Skydance / Paramount Global,813828,0001140361-25-021135,ny20047871x1_def14a.htm,https://www.sec.gov/Archives/edgar/data/813828/000114036125021135/ny20047871x1_def14a.htm,evidence/accession_materials/paramount_skydance_paramount_global_813828_000114036125021135/ny20047871x1_def14a.htm,67f6aa6db3d49465672a425e411c7c8dc77d445dc779453ac3a723929a40b3b8,ecd,PeoActuallyPaidCompAmt,usd,c4,,,,—
Paramount Skydance / Paramount Global,813828,0001140361-25-021135,ny20047871x1_def14a.htm,https://www.sec.gov/Archives/edgar/data/813828/000114036125021135/ny20047871x1_def14a.htm,evidence/accession_materials/paramount_skydance_paramount_global_813828_000114036125021135/ny20047871x1_def14a.htm,67f6aa6db3d49465672a425e411c7c8dc77d445dc779453ac3a723929a40b3b8,ecd,NonPeoNeoAvgTotalCompAmt,usd,c5,,,,5006453
Paramount Skydance / Paramount Global,813828,0001140361-25-021135,ny20047871x1_def14a.htm,https://www.sec.gov/Archives/edgar/data/813828/000114036125021135/ny20047871x1_def14a.htm,evidence/accession_materials/paramount_skydance_paramount_global_813828_000114036125021135/ny20047871x1_def14a.htm,67f6aa6db3d49465672a425e411c7c8dc77d445dc779453ac3a723929a40b3b8,ecd,NonPeoNeoAvgCompActuallyPaidAmt,usd,c5,,,,3950514
Paramount Skydance / Paramount Global,813828,0001140361-25-021135,ny20047871x1_def14a.htm,https://www.sec.gov/Archives/edgar/data/813828/000114036125021135/ny20047871x1_def14a.htm,evidence/accession_materials/paramount_skydance_paramount_global_813828_000114036125021135/ny20047871x1_def14a.htm,67f6aa6db3d49465672a425e411c7c8dc77d445dc779453ac3a723929a40b3b8,ecd,PeerGroupTotalShareholderRtnAmt,usd,c5,,,,155.53
Paramount Skydance / Paramount Global,813828,0001140361-25-021135,ny20047871x1_def14a.htm,https://www.sec.gov/Archives/edgar/data/813828/000114036125021135/ny20047871x1_def14a.htm,evidence/accession_materials/paramount_skydance_paramount_global_813828_000114036125021135/ny20047871x1_def14a.htm,67f6aa6db3d49465672a425e411c7c8dc77d445dc779453ac3a723929a40b3b8,ecd,CoSelectedMeasureAmt,pure,c5,,,,-0.1238
Paramount Skydance / Paramount Global,813828,0001140361-25-021135,ny20047871x1_def14a.htm,https://www.sec.gov/Archives/edgar/data/813828/000114036125021135/ny20047871x1_def14a.htm,evidence/accession_materials/paramount_skydance_paramount_global_813828_000114036125021135/ny20047871x1_def14a.htm,67f6aa6db3d49465672a425e411c7c8dc77d445dc779453ac3a723929a40b3b8,ecd,PeoTotalCompAmt,usd,c6,,,,32046006
Paramount Skydance / Paramount Global,813828,0001140361-25-021135,ny20047871x1_def14a.htm,https://www.sec.gov/Archives/edgar/data/813828/000114036125021135/ny20047871x1_def14a.htm,evidence/accession_materials/paramount_skydance_paramount_global_813828_000114036125021135/ny20047871x1_def14a.htm,67f6aa6db3d49465672a425e411c7c8dc77d445dc779453ac3a723929a40b3b8,ecd,PeoTotalCompAmt,usd,c7,,,,—
Paramount Skydance / Paramount Global,813828,0001140361-25-021135,ny20047871x1_def14a.htm,https://www.sec.gov/Archives/edgar/data/813828/000114036125021135/ny20047871x1_def14a.htm,evidence/accession_materials/paramount_skydance_paramount_global_813828_000114036125021135/ny20047871x1_def14a.htm,67f6aa6db3d49465672a425e411c7c8dc77d445dc779453ac3a723929a40b3b8,ecd,PeoActuallyPaidCompAmt,usd,c6,,,,14626030
Paramount Skydance / Paramount Global,813828,0001140361-25-021135,ny20047871x1_def14a.htm,https://www.sec.gov/Archives/edgar/data/813828/000114036125021135/ny20047871x1_def14a.htm,evidence/accession_materials/paramount_skydance_paramount_global_813828_000114036125021135/ny20047871x1_def14a.htm,67f6aa6db3d49465672a425e411c7c8dc77d445dc779453ac3a723929a40b3b8,ecd,PeoActuallyPaidCompAmt,usd,c7,,,,—
Paramount Skydance / Paramount Global,813828,0001140361-25-021135,ny20047871x1_def14a.htm,https://www.sec.gov/Archives/edgar/data/813828/000114036125021135/ny20047871x1_def14a.htm,evidence/accession_materials/paramount_skydance_paramount_global_813828_000114036125021135/ny20047871x1_def14a.htm,67f6aa6db3d49465672a425e411c7c8dc77d445dc779453ac3a723929a40b3b8,ecd,NonPeoNeoAvgTotalCompAmt,usd,c8,,,,4497431
Paramount Skydance / Paramount Global,813828,0001140361-25-021135,ny20047871x1_def14a.htm,https://www.sec.gov/Archives/edgar/data/813828/000114036125021135/ny20047871x1_def14a.htm,evidence/accession_materials/paramount_skydance_paramount_global_813828_000114036125021135/ny20047871x1_def14a.htm,67f6aa6db3d49465672a425e411c7c8dc77d445dc779453ac3a723929a40b3b8,ecd,NonPeoNeoAvgCompActuallyPaidAmt,usd,c8,,,,2453046
Paramount Skydance / Paramount Global,813828,0001140361-25-021135,ny20047871x1_def14a.htm,https://www.sec.gov/Archives/edgar/data/813828/000114036125021135/ny20047871x1_def14a.htm,evidence/accession_materials/paramount_skydance_paramount_global_813828_000114036125021135/ny20047871x1_def14a.htm,67f6aa6db3d49465672a425e411c7c8dc77d445dc779453ac3a723929a40b3b8,ecd,PeerGroupTotalShareholderRtnAmt,usd,c8,,,,93.66
Paramount Skydance / Paramount Global,813828,0001140361-25-021135,ny20047871x1_def14a.htm,https://www.sec.gov/Archives/edgar/data/813828/000114036125021135/ny20047871x1_def14a.htm,evidence/accession_materials/paramount_skydance_paramount_global_813828_000114036125021135/ny20047871x1_def14a.htm,67f6aa6db3d49465672a425e411c7c8dc77d445dc779453ac3a723929a40b3b8,ecd,CoSelectedMeasureAmt,pure,c8,,,,-0.4407
Paramount Skydance / Paramount Global,813828,0001140361-25-021135,ny20047871x1_def14a.htm,https://www.sec.gov/Archives/edgar/data/813828/000114036125021135/ny20047871x1_def14a.htm,evidence/accession_materials/paramount_skydance_paramount_global_813828_000114036125021135/ny20047871x1_def14a.htm,67f6aa6db3d49465672a425e411c7c8dc77d445dc779453ac3a723929a40b3b8,ecd,PeoTotalCompAmt,usd,c9,,,,20035212
Paramount Skydance / Paramount Global,813828,0001140361-25-021135,ny20047871x1_def14a.htm,https://www.sec.gov/Archives/edgar/data/813828/000114036125021135/ny20047871x1_def14a.htm,evidence/accession_materials/paramount_skydance_paramount_global_813828_000114036125021135/ny20047871x1_def14a.htm,67f6aa6db3d49465672a425e411c7c8dc77d445dc779453ac3a723929a40b3b8,ecd,PeoTotalCompAmt,usd,c10,,,,—
Paramount Skydance / Paramount Global,813828,0001140361-25-021135,ny20047871x1_def14a.htm,https://www.sec.gov/Archives/edgar/data/813828/000114036125021135/ny20047871x1_def14a.htm,evidence/accession_materials/paramount_skydance_paramount_global_813828_000114036125021135/ny20047871x1_def14a.htm,67f6aa6db3d49465672a425e411c7c8dc77d445dc779453ac3a723929a40b3b8,ecd,PeoActuallyPaidCompAmt,usd,c9,,,,12873214
Paramount Skydance / Paramount Global,813828,0001140361-25-021135,ny20047871x1_def14a.htm,https://www.sec.gov/Archives/edgar/data/813828/000114036125021135/ny20047871x1_def14a.htm,evidence/accession_materials/paramount_skydance_paramount_global_813828_000114036125021135/ny20047871x1_def14a.htm,67f6aa6db3d49465672a425e411c7c8dc77d445dc779453ac3a723929a40b3b8,ecd,PeoActuallyPaidCompAmt,usd,c10,,,,—
Paramount Skydance / Paramount Global,813828,0001140361-25-021135,ny20047871x1_def14a.htm,https://www.sec.gov/Archives/edgar/data/813828/000114036125021135/ny20047871x1_def14a.htm,evidence/accession_materials/paramount_skydance_paramount_global_813828_000114036125021135/ny20047871x1_def14a.htm,67f6aa6db3d49465672a425e411c7c8dc77d445dc779453ac3a723929a40b3b8,ecd,NonPeoNeoAvgTotalCompAmt,usd,c11,,,,2802710
Paramount Skydance / Paramount Global,813828,0001140361-25-021135,ny20047871x1_def14a.htm,https://www.sec.gov/Archives/edgar/data/813828/000114036125021135/ny20047871x1_def14a.htm,evidence/accession_materials/paramount_skydance_paramount_global_813828_000114036125021135/ny20047871x1_def14a.htm,67f6aa6db3d49465672a425e411c7c8dc77d445dc779453ac3a723929a40b3b8,ecd,NonPeoNeoAvgCompActuallyPaidAmt,usd,c11,,,,2132649
Paramount Skydance / Paramount Global,813828,0001140361-25-021135,ny20047871x1_def14a.htm,https://www.sec.gov/Archives/edgar/data/813828/000114036125021135/ny20047871x1_def14a.htm,evidence/accession_materials/paramount_skydance_paramount_global_813828_000114036125021135/ny20047871x1_def14a.htm,67f6aa6db3d49465672a425e411c7c8dc77d445dc779453ac3a723929a40b3b8,ecd,PeerGroupTotalShareholderRtnAmt,usd,c11,,,,166.98
Paramount Skydance / Paramount Global,813828,0001140361-25-021135,ny20047871x1_def14a.htm,https://www.sec.gov/Archives/edgar/data/813828/000114036125021135/ny20047871x1_def14a.htm,evidence/accession_materials/paramount_skydance_paramount_global_813828_000114036125021135/ny20047871x1_def14a.htm,67f6aa6db3d49465672a425e411c7c8dc77d445dc779453ac3a723929a40b3b8,ecd,CoSelectedMeasureAmt,pure,c11,,,,-0.19
Paramount Skydance / Paramount Global,813828,0001140361-25-021135,ny20047871x1_def14a.htm,https://www.sec.gov/Archives/edgar/data/813828/000114036125021135/ny20047871x1_def14a.htm,evidence/accession_materials/paramount_skydance_paramount_global_813828_000114036125021135/ny20047871x1_def14a.htm,67f6aa6db3d49465672a425e411c7c8dc77d445dc779453ac3a723929a40b3b8,ecd,PeoTotalCompAmt,usd,c12,,,,38973768
Paramount Skydance / Paramount Global,813828,0001140361-25-021135,ny20047871x1_def14a.htm,https://www.sec.gov/Archives/edgar/data/813828/000114036125021135/ny20047871x1_def14a.htm,evidence/accession_materials/paramount_skydance_paramount_global_813828_000114036125021135/ny20047871x1_def14a.htm,67f6aa6db3d49465672a425e411c7c8dc77d445dc779453ac3a723929a40b3b8,ecd,PeoTotalCompAmt,usd,c13,,,,—
Paramount Skydance / Paramount Global,813828,0001140361-25-021135,ny20047871x1_def14a.htm,https://www.sec.gov/Archives/edgar/data/813828/000114036125021135/ny20047871x1_def14a.htm,evidence/accession_materials/paramount_skydance_paramount_global_813828_000114036125021135/ny20047871x1_def14a.htm,67f6aa6db3d49465672a425e411c7c8dc77d445dc779453ac3a723929a40b3b8,ecd,PeoActuallyPaidCompAmt,usd,c12,,,,34147810
Paramount Skydance / Paramount Global,813828,0001140361-25-021135,ny20047871x1_def14a.htm,https://www.sec.gov/Archives/edgar/data/813828/000114036125021135/ny20047871x1_def14a.htm,evidence/accession_materials/paramount_skydance_paramount_global_813828_000114036125021135/ny20047871x1_def14a.htm,67f6aa6db3d49465672a425e411c7c8dc77d445dc779453ac3a723929a40b3b8,ecd,PeoActuallyPaidCompAmt,usd,c13,,,,—
Paramount Skydance / Paramount Global,813828,0001140361-25-021135,ny20047871x1_def14a.htm,https://www.sec.gov/Archives/edgar/data/813828/000114036125021135/ny20047871x1_def14a.htm,evidence/accession_materials/paramount_skydance_paramount_global_813828_000114036125021135/ny20047871x1_def14a.htm,67f6aa6db3d49465672a425e411c7c8dc77d445dc779453ac3a723929a40b3b8,ecd,NonPeoNeoAvgTotalCompAmt,usd,c14,,,,8779994
Paramount Skydance / Paramount Global,813828,0001140361-25-021135,ny20047871x1_def14a.htm,https://www.sec.gov/Archives/edgar/data/813828/000114036125021135/ny20047871x1_def14a.htm,evidence/accession_materials/paramount_skydance_paramount_global_813828_000114036125021135/ny20047871x1_def14a.htm,67f6aa6db3d49465672a425e411c7c8dc77d445dc779453ac3a723929a40b3b8,ecd,NonPeoNeoAvgCompActuallyPaidAmt,usd,c14,,,,8824614
Paramount Skydance / Paramount Global,813828,0001140361-25-021135,ny20047871x1_def14a.htm,https://www.sec.gov/Archives/edgar/data/813828/000114036125021135/ny20047871x1_def14a.htm,evidence/accession_materials/paramount_skydance_paramount_global_813828_000114036125021135/ny20047871x1_def14a.htm,67f6aa6db3d49465672a425e411c7c8dc77d445dc779453ac3a723929a40b3b8,ecd,PeerGroupTotalShareholderRtnAmt,usd,c14,,,,131.54
Paramount Skydance / Paramount Global,813828,0001140361-25-021135,ny20047871x1_def14a.htm,https://www.sec.gov/Archives/edgar/data/813828/000114036125021135/ny20047871x1_def14a.htm,evidence/accession_materials/paramount_skydance_paramount_global_813828_000114036125021135/ny20047871x1_def14a.htm,67f6aa6db3d49465672a425e411c7c8dc77d445dc779453ac3a723929a40b3b8,ecd,CoSelectedMeasureAmt,pure,c14,,,,-0.1122
Paramount Skydance / Paramount Global,813828,0001140361-25-021135,ny20047871x1_def14a.htm,https://www.sec.gov/Archives/edgar/data/813828/000114036125021135/ny20047871x1_def14a.htm,evidence/accession_materials/paramount_skydance_paramount_global_813828_000114036125021135/ny20047871x1_def14a.htm,67f6aa6db3d49465672a425e411c7c8dc77d445dc779453ac3a723929a40b3b8,ecd,PeoName,,c15,,,,Mr. Bakish
Paramount Skydance / Paramount Global,813828,0001140361-25-021135,ny20047871x1_def14a.htm,https://www.sec.gov/Archives/edgar/data/813828/000114036125021135/ny20047871x1_def14a.htm,evidence/accession_materials/paramount_skydance_paramount_global_813828_000114036125021135/ny20047871x1_def14a.htm,67f6aa6db3d49465672a425e411c7c8dc77d445dc779453ac3a723929a40b3b8,ecd,PeoName,,c16,,,,Mr. McCarthy
Paramount Skydance / Paramount Global,813828,0001140361-25-021135,ny20047871x1_def14a.htm,https://www.sec.gov/Archives/edgar/data/813828/000114036125021135/ny20047871x1_def14a.htm,evidence/accession_materials/paramount_skydance_paramount_global_813828_000114036125021135/ny20047871x1_def14a.htm,67f6aa6db3d49465672a425e411c7c8dc77d445dc779453ac3a723929a40b3b8,ecd,AdjToNonPeoNeoCompFnTextBlock,,c0,,,,"(3)To calculate CAP for 2024 in accordance with applicable SEC rules, the following amounts were either added to or deducted from the applicable SCT Total as noted below:"
Paramount Skydance / Paramount Global,813828,0001140361-25-021135,ny20047871x1_def14a.htm,https://www.sec.gov/Archives/edgar/data/813828/000114036125021135/ny20047871x1_def14a.htm,evidence/accession_materials/paramount_skydance_paramount_global_813828_000114036125021135/ny20047871x1_def14a.htm,67f6aa6db3d49465672a425e411c7c8dc77d445dc779453ac3a723929a40b3b8,ecd,AdjToCompAmt,usd,c17,,,,-15081642
Paramount Skydance / Paramount Global,813828,0001140361-25-021135,ny20047871x1_def14a.htm,https://www.sec.gov/Archives/edgar/data/813828/000114036125021135/ny20047871x1_def14a.htm,evidence/accession_materials/paramount_skydance_paramount_global_813828_000114036125021135/ny20047871x1_def14a.htm,67f6aa6db3d49465672a425e411c7c8dc77d445dc779453ac3a723929a40b3b8,ecd,AdjToCompAmt,usd,c18,,,,-8044141
Paramount Skydance / Paramount Global,813828,0001140361-25-021135,ny20047871x1_def14a.htm,https://www.sec.gov/Archives/edgar/data/813828/000114036125021135/ny20047871x1_def14a.htm,evidence/accession_materials/paramount_skydance_paramount_global_813828_000114036125021135/ny20047871x1_def14a.htm,67f6aa6db3d49465672a425e411c7c8dc77d445dc779453ac3a723929a40b3b8,ecd,AdjToCompAmt,usd,c19,,,,-4788745
Paramount Skydance / Paramount Global,813828,0001140361-25-021135,ny20047871x1_def14a.htm,https://www.sec.gov/Archives/edgar/data/813828/000114036125021135/ny20047871x1_def14a.htm,evidence/accession_materials/paramount_skydance_paramount_global_813828_000114036125021135/ny20047871x1_def14a.htm,67f6aa6db3d49465672a425e411c7c8dc77d445dc779453ac3a723929a40b3b8,ecd,AdjToCompAmt,usd,c20,,,,—
Paramount Skydance / Paramount Global,813828,0001140361-25-021135,ny20047871x1_def14a.htm,https://www.sec.gov/Archives/edgar/data/813828/000114036125021135/ny20047871x1_def14a.htm,evidence/accession_materials/paramount_skydance_paramount_global_813828_000114036125021135/ny20047871x1_def14a.htm,67f6aa6db3d49465672a425e411c7c8dc77d445dc779453ac3a723929a40b3b8,ecd,AdjToCompAmt,usd,c21,,,,—
Paramount Skydance / Paramount Global,813828,0001140361-25-021135,ny20047871x1_def14a.htm,https://www.sec.gov/Archives/edgar/data/813828/000114036125021135/ny20047871x1_def14a.htm,evidence/accession_materials/paramount_skydance_paramount_global_813828_000114036125021135/ny20047871x1_def14a.htm,67f6aa6db3d49465672a425e411c7c8dc77d445dc779453ac3a723929a40b3b8,ecd,AdjToCompAmt,usd,c22,,,,759859
Paramount Skydance / Paramount Global,813828,0001140361-25-021135,ny20047871x1_def14a.htm,https://www.sec.gov/Archives/edgar/data/813828/000114036125021135/ny20047871x1_def14a.htm,evidence/accession_materials/paramount_skydance_paramount_global_813828_000114036125021135/ny20047871x1_def14a.htm,67f6aa6db3d49465672a425e411c7c8dc77d445dc779453ac3a723929a40b3b8,ecd,AdjToCompAmt,usd,c23,,,,15067967
Paramount Skydance / Paramount Global,813828,0001140361-25-021135,ny20047871x1_def14a.htm,https://www.sec.gov/Archives/edgar/data/813828/000114036125021135/ny20047871x1_def14a.htm,evidence/accession_materials/paramount_skydance_paramount_global_813828_000114036125021135/ny20047871x1_def14a.htm,67f6aa6db3d49465672a425e411c7c8dc77d445dc779453ac3a723929a40b3b8,ecd,AdjToCompAmt,usd,c24,,,,7389125
Paramount Skydance / Paramount Global,813828,0001140361-25-021135,ny20047871x1_def14a.htm,https://www.sec.gov/Archives/edgar/data/813828/000114036125021135/ny20047871x1_def14a.htm,evidence/accession_materials/paramount_skydance_paramount_global_813828_000114036125021135/ny20047871x1_def14a.htm,67f6aa6db3d49465672a425e411c7c8dc77d445dc779453ac3a723929a40b3b8,ecd,AdjToCompAmt,usd,c25,,,,3288724
Paramount Skydance / Paramount Global,813828,0001140361-25-021135,ny20047871x1_def14a.htm,https://www.sec.gov/Archives/edgar/data/813828/000114036125021135/ny20047871x1_def14a.htm,evidence/accession_materials/paramount_skydance_paramount_global_813828_000114036125021135/ny20047871x1_def14a.htm,67f6aa6db3d49465672a425e411c7c8dc77d445dc779453ac3a723929a40b3b8,ecd,AdjToCompAmt,usd,c26,,,,—
Paramount Skydance / Paramount Global,813828,0001140361-25-021135,ny20047871x1_def14a.htm,https://www.sec.gov/Archives/edgar/data/813828/000114036125021135/ny20047871x1_def14a.htm,evidence/accession_materials/paramount_skydance_paramount_global_813828_000114036125021135/ny20047871x1_def14a.htm,67f6aa6db3d49465672a425e411c7c8dc77d445dc779453ac3a723929a40b3b8,ecd,AdjToCompAmt,usd,c27,,,,-155890
Paramount Skydance / Paramount Global,813828,0001140361-25-021135,ny20047871x1_def14a.htm,https://www.sec.gov/Archives/edgar/data/813828/000114036125021135/ny20047871x1_def14a.htm,evidence/accession_materials/paramount_skydance_paramount_global_813828_000114036125021135/ny20047871x1_def14a.htm,67f6aa6db3d49465672a425e411c7c8dc77d445dc779453ac3a723929a40b3b8,ecd,AdjToCompAmt,usd,c28,,,,-356335
Paramount Skydance / Paramount Global,813828,0001140361-25-021135,ny20047871x1_def14a.htm,https://www.sec.gov/Archives/edgar/data/813828/000114036125021135/ny20047871x1_def14a.htm,evidence/accession_materials/paramount_skydance_paramount_global_813828_000114036125021135/ny20047871x1_def14a.htm,67f6aa6db3d49465672a425e411c7c8dc77d445dc779453ac3a723929a40b3b8,ecd,AdjToCompAmt,usd,c29,,,,-1079350
Paramount Skydance / Paramount Global,813828,0001140361-25-021135,ny20047871x1_def14a.htm,https://www.sec.gov/Archives/edgar/data/813828/000114036125021135/ny20047871x1_def14a.htm,evidence/accession_materials/paramount_skydance_paramount_global_813828_000114036125021135/ny20047871x1_def14a.htm,67f6aa6db3d49465672a425e411c7c8dc77d445dc779453ac3a723929a40b3b8,ecd,AdjToCompAmt,usd,c30,,,,-1146263
Paramount Skydance / Paramount Global,813828,0001140361-25-021135,ny20047871x1_def14a.htm,https://www.sec.gov/Archives/edgar/data/813828/000114036125021135/ny20047871x1_def14a.htm,evidence/accession_materials/paramount_skydance_paramount_global_813828_000114036125021135/ny20047871x1_def14a.htm,67f6aa6db3d49465672a425e411c7c8dc77d445dc779453ac3a723929a40b3b8,ecd,AdjToCompAmt,usd,c31,,,,-686925
Paramount Skydance / Paramount Global,813828,0001140361-25-021135,ny20047871x1_def14a.htm,https://www.sec.gov/Archives/edgar/data/813828/000114036125021135/ny20047871x1_def14a.htm,evidence/accession_materials/paramount_skydance_paramount_global_813828_000114036125021135/ny20047871x1_def14a.htm,67f6aa6db3d49465672a425e411c7c8dc77d445dc779453ac3a723929a40b3b8,ecd,AdjToCompAmt,usd,c32,,,,—
Paramount Skydance / Paramount Global,813828,0001140361-25-021135,ny20047871x1_def14a.htm,https://www.sec.gov/Archives/edgar/data/813828/000114036125021135/ny20047871x1_def14a.htm,evidence/accession_materials/paramount_skydance_paramount_global_813828_000114036125021135/ny20047871x1_def14a.htm,67f6aa6db3d49465672a425e411c7c8dc77d445dc779453ac3a723929a40b3b8,ecd,AdjToCompAmt,usd,c33,,,,-5739
Paramount Skydance / Paramount Global,813828,0001140361-25-021135,ny20047871x1_def14a.htm,https://www.sec.gov/Archives/edgar/data/813828/000114036125021135/ny20047871x1_def14a.htm,evidence/accession_materials/paramount_skydance_paramount_global_813828_000114036125021135/ny20047871x1_def14a.htm,67f6aa6db3d49465672a425e411c7c8dc77d445dc779453ac3a723929a40b3b8,ecd,AdjToCompAmt,usd,c34,,,,-218962
Paramount Skydance / Paramount Global,813828,0001140361-25-021135,ny20047871x1_def14a.htm,https://www.sec.gov/Archives/edgar/data/813828/000114036125021135/ny20047871x1_def14a.htm,evidence/accession_materials/paramount_skydance_paramount_global_813828_000114036125021135/ny20047871x1_def14a.htm,67f6aa6db3d49465672a425e411c7c8dc77d445dc779453ac3a723929a40b3b8,ecd,AdjToCompAmt,usd,c35,,,,193952
Paramount Skydance / Paramount Global,813828,0001140361-25-021135,ny20047871x1_def14a.htm,https://www.sec.gov/Archives/edgar/data/813828/000114036125021135/ny20047871x1_def14a.htm,evidence/accession_materials/paramount_skydance_paramount_global_813828_000114036125021135/ny20047871x1_def14a.htm,67f6aa6db3d49465672a425e411c7c8dc77d445dc779453ac3a723929a40b3b8,ecd,AdjToCompAmt,usd,c36,,,,69547
Paramount Skydance / Paramount Global,813828,0001140361-25-021135,ny20047871x1_def14a.htm,https://www.sec.gov/Archives/edgar/data/813828/000114036125021135/ny20047871x1_def14a.htm,evidence/accession_materials/paramount_skydance_paramount_global_813828_000114036125021135/ny20047871x1_def14a.htm,67f6aa6db3d49465672a425e411c7c8dc77d445dc779453ac3a723929a40b3b8,ecd,AdjToCompAmt,usd,c37,,,,51500
Paramount Skydance / Paramount Global,813828,0001140361-25-021135,ny20047871x1_def14a.htm,https://www.sec.gov/Archives/edgar/data/813828/000114036125021135/ny20047871x1_def14a.htm,evidence/accession_materials/paramount_skydance_paramount_global_813828_000114036125021135/ny20047871x1_def14a.htm,67f6aa6db3d49465672a425e411c7c8dc77d445dc779453ac3a723929a40b3b8,ecd,AdjToCompAmt,usd,c38,,,,-19362
Paramount Skydance / Paramount Global,813828,0001140361-25-021135,ny20047871x1_def14a.htm,https://www.sec.gov/Archives/edgar/data/813828/000114036125021135/ny20047871x1_def14a.htm,evidence/accession_materials/paramount_skydance_paramount_global_813828_000114036125021135/ny20047871x1_def14a.htm,67f6aa6db3d49465672a425e411c7c8dc77d445dc779453ac3a723929a40b3b8,ecd,AdjToCompAmt,usd,c39,,,,—
Paramount Skydance / Paramount Global,813828,0001140361-25-021135,ny20047871x1_def14a.htm,https://www.sec.gov/Archives/edgar/data/813828/000114036125021135/ny20047871x1_def14a.htm,evidence/accession_materials/paramount_skydance_paramount_global_813828_000114036125021135/ny20047871x1_def14a.htm,67f6aa6db3d49465672a425e411c7c8dc77d445dc779453ac3a723929a40b3b8,ecd,AdjToCompAmt,usd,c40,,,,-3623
Paramount Skydance / Paramount Global,813828,0001140361-25-021135,ny20047871x1_def14a.htm,https://www.sec.gov/Archives/edgar/data/813828/000114036125021135/ny20047871x1_def14a.htm,evidence/accession_materials/paramount_skydance_paramount_global_813828_000114036125021135/ny20047871x1_def14a.htm,67f6aa6db3d49465672a425e411c7c8dc77d445dc779453ac3a723929a40b3b8,ecd,AdjToCompAmt,usd,c41,,,,—
Paramount Skydance / Paramount Global,813828,0001140361-25-021135,ny20047871x1_def14a.htm,https://www.sec.gov/Archives/edgar/data/813828/000114036125021135/ny20047871x1_def14a.htm,evidence/accession_materials/paramount_skydance_paramount_global_813828_000114036125021135/ny20047871x1_def14a.htm,67f6aa6db3d49465672a425e411c7c8dc77d445dc779453ac3a723929a40b3b8,ecd,AdjToCompAmt,usd,c42,,,,—
Paramount Skydance / Paramount Global,813828,0001140361-25-021135,ny20047871x1_def14a.htm,https://www.sec.gov/Archives/edgar/data/813828/000114036125021135/ny20047871x1_def14a.htm,evidence/accession_materials/paramount_skydance_paramount_global_813828_000114036125021135/ny20047871x1_def14a.htm,67f6aa6db3d49465672a425e411c7c8dc77d445dc779453ac3a723929a40b3b8,ecd,AdjToCompAmt,usd,c43,,,,—
Paramount Skydance / Paramount Global,813828,0001140361-25-021135,ny20047871x1_def14a.htm,https://www.sec.gov/Archives/edgar/data/813828/000114036125021135/ny20047871x1_def14a.htm,evidence/accession_materials/paramount_skydance_paramount_global_813828_000114036125021135/ny20047871x1_def14a.htm,67f6aa6db3d49465672a425e411c7c8dc77d445dc779453ac3a723929a40b3b8,ecd,AdjToCompAmt,usd,c44,,,,-918435
Paramount Skydance / Paramount Global,813828,0001140361-25-021135,ny20047871x1_def14a.htm,https://www.sec.gov/Archives/edgar/data/813828/000114036125021135/ny20047871x1_def14a.htm,evidence/accession_materials/paramount_skydance_paramount_global_813828_000114036125021135/ny20047871x1_def14a.htm,67f6aa6db3d49465672a425e411c7c8dc77d445dc779453ac3a723929a40b3b8,ecd,AdjToCompAmt,usd,c45,,,,-1893362
Paramount Skydance / Paramount Global,813828,0001140361-25-021135,ny20047871x1_def14a.htm,https://www.sec.gov/Archives/edgar/data/813828/000114036125021135/ny20047871x1_def14a.htm,evidence/accession_materials/paramount_skydance_paramount_global_813828_000114036125021135/ny20047871x1_def14a.htm,67f6aa6db3d49465672a425e411c7c8dc77d445dc779453ac3a723929a40b3b8,ecd,AdjToCompAmt,usd,c46,,,,-1954507
Paramount Skydance / Paramount Global,813828,0001140361-25-021135,ny20047871x1_def14a.htm,https://www.sec.gov/Archives/edgar/data/813828/000114036125021135/ny20047871x1_def14a.htm,evidence/accession_materials/paramount_skydance_paramount_global_813828_000114036125021135/ny20047871x1_def14a.htm,67f6aa6db3d49465672a425e411c7c8dc77d445dc779453ac3a723929a40b3b8,ecd,PeerGroupIssuersFnTextBlock,,c0,,,,"(6)Represents the weighted peer group TSR, weighted according to the respective companies’ stock market capitalization at the beginning of each period for which a return is indicated. In order to provide a TSR comparison consistent with that in the Initial Form 10-K, we utilized the published index used therein for purposes of complying with Item 201(e) of Regulation S-K, namely, the S&P 500 Media and Entertainment Index, for purposes of this disclosure."
Paramount Skydance / Paramount Global,813828,0001140361-25-021135,ny20047871x1_def14a.htm,https://www.sec.gov/Archives/edgar/data/813828/000114036125021135/ny20047871x1_def14a.htm,evidence/accession_materials/paramount_skydance_paramount_global_813828_000114036125021135/ny20047871x1_def14a.htm,67f6aa6db3d49465672a425e411c7c8dc77d445dc779453ac3a723929a40b3b8,ecd,CoSelectedMeasureName,,c0,,,,Stock Price Performance
Paramount Skydance / Paramount Global,813828,0001140361-25-021135,ny20047871x1_def14a.htm,https://www.sec.gov/Archives/edgar/data/813828/000114036125021135/ny20047871x1_def14a.htm,evidence/accession_materials/paramount_skydance_paramount_global_813828_000114036125021135/ny20047871x1_def14a.htm,67f6aa6db3d49465672a425e411c7c8dc77d445dc779453ac3a723929a40b3b8,ecd,TabularListTableTextBlock,,c0,,,,Most Important Performance Measures Table
Paramount Skydance / Paramount Global,813828,0001140361-25-021135,ny20047871x1_def14a.htm,https://www.sec.gov/Archives/edgar/data/813828/000114036125021135/ny20047871x1_def14a.htm,evidence/accession_materials/paramount_skydance_paramount_global_813828_000114036125021135/ny20047871x1_def14a.htm,67f6aa6db3d49465672a425e411c7c8dc77d445dc779453ac3a723929a40b3b8,ecd,MeasureName,,c47,,,,Stock Price Performance
Paramount Skydance / Paramount Global,813828,0001140361-25-021135,ny20047871x1_def14a.htm,https://www.sec.gov/Archives/edgar/data/813828/000114036125021135/ny20047871x1_def14a.htm,evidence/accession_materials/paramount_skydance_paramount_global_813828_000114036125021135/ny20047871x1_def14a.htm,67f6aa6db3d49465672a425e411c7c8dc77d445dc779453ac3a723929a40b3b8,ecd,MeasureName,,c48,,,,Relative TSR
Paramount Skydance / Paramount Global,813828,0001140361-25-021135,ny20047871x1_def14a.htm,https://www.sec.gov/Archives/edgar/data/813828/000114036125021135/ny20047871x1_def14a.htm,evidence/accession_materials/paramount_skydance_paramount_global_813828_000114036125021135/ny20047871x1_def14a.htm,67f6aa6db3d49465672a425e411c7c8dc77d445dc779453ac3a723929a40b3b8,ecd,MeasureName,,c49,,,,Adjusted OIBDA
Paramount Skydance / Paramount Global,813828,0001140361-25-021135,ny20047871x1_def14a.htm,https://www.sec.gov/Archives/edgar/data/813828/000114036125021135/ny20047871x1_def14a.htm,evidence/accession_materials/paramount_skydance_paramount_global_813828_000114036125021135/ny20047871x1_def14a.htm,67f6aa6db3d49465672a425e411c7c8dc77d445dc779453ac3a723929a40b3b8,ecd,TotalShareholderRtnVsPeerGroupTextBlock,,c0,,,,CAP Versus Company TSR and Peer Group TSR
Paramount Skydance / Paramount Global,813828,0001140361-25-021135,ny20047871x1_def14a.htm,https://www.sec.gov/Archives/edgar/data/813828/000114036125021135/ny20047871x1_def14a.htm,evidence/accession_materials/paramount_skydance_paramount_global_813828_000114036125021135/ny20047871x1_def14a.htm,67f6aa6db3d49465672a425e411c7c8dc77d445dc779453ac3a723929a40b3b8,ecd,CompActuallyPaidVsNetIncomeTextBlock,,c0,,,,CAP Versus Net Income
Paramount Skydance / Paramount Global,813828,0001140361-25-021135,ny20047871x1_def14a.htm,https://www.sec.gov/Archives/edgar/data/813828/000114036125021135/ny20047871x1_def14a.htm,evidence/accession_materials/paramount_skydance_paramount_global_813828_000114036125021135/ny20047871x1_def14a.htm,67f6aa6db3d49465672a425e411c7c8dc77d445dc779453ac3a723929a40b3b8,ecd,CompActuallyPaidVsCoSelectedMeasureTextBlock,,c0,,,,CAP Versus Stock Price Performance
