company,cik,metric_id,metric_name,value,unit,status,source_class,formula,period_start,period_end,fiscal_year,fiscal_period,accession,form,filed_date,concept_or_section,context_or_dimension,confidence,notes
Marriott International,1048286,B01,Revenue,26186000000,USD,OK,STD_XBRL,direct,2025-01-01,2025-12-31,2025,FY,0001048286-26-000007,10-K,2026-02-10,Revenues,companyfacts:USD:CY2025,0.95,Revenue candidate chain from metric definition.
Marriott International,1048286,B02,Revenue YoY growth,0.04326693227091633466135458167,ratio,OK,DERIVED,(Revenue_t - Revenue_t-1) / Revenue_t-1,2025-01-01,2025-12-31,2025,FY,0001048286-26-000007;0001628280-25-004818,10-K,2026-02-10;2025-02-11,Revenues+Revenues,companyfacts:USD:CY2025;companyfacts:USD:,0.90,Same revenue candidate chain YoY pair after continuity checks.
Marriott International,1048286,B03,EBITDA margin,0.1756281982738868097456656229,ratio,OK,DERIVED,(Operating income + D&A) / revenue,2025-01-01,2025-12-31,2025,FY,0001048286-26-000007;0001048286-26-000007;0001048286-26-000007;0001048286-26-000007,10-K,2026-02-10;2026-02-10;2026-02-10;2026-02-10,OperatingIncomeLoss+Depreciation+AmortizationOfIntangibleAssets+Revenues,companyfacts:USD:CY2025;companyfacts:USD:CY2025;companyfacts:USD:CY2025;companyfacts:USD:CY2025,0.90,"Direct OperatingIncomeLoss selected. D&A composed from standard Depreciation + AmortizationOfIntangibleAssets. custom DepreciationAmortizationAndOther observed (DepreciationAmortizationAndOtherExcludingCapitalizedContractCostAmortization=213000000;DepreciationAmortizationAndOther=599000000) but not added because ""and other"" is not cleanly attributable to D&A expense. GAAP EBITDA proxy; impairment is not added back."
Marriott International,1048286,B04,Net income,2601000000,USD,OK,STD_XBRL,direct,2025-01-01,2025-12-31,2025,FY,0001048286-26-000007,10-K,2026-02-10,NetIncomeLoss,companyfacts:USD:CY2025,0.95,Net income candidate chain from metric definition.
Marriott International,1048286,B05,Free cash flow,2608000000,USD,OK,DERIVED,operating cash flow - capital expenditures,2025-01-01,2025-12-31,2025,FY,0001048286-26-000007;0001048286-26-000007,10-K,2026-02-10;2026-02-10,NetCashProvidedByUsedInOperatingActivities+PaymentsToAcquireProductiveAssets,companyfacts:USD:CY2025;companyfacts:USD:CY2025,0.90,Capex chain allows PaymentsToAcquireProductiveAssets.
Marriott International,1048286,B06,Debt-to-equity,,ratio,NOT_MEANINGFUL,NOT_AVAILABLE,total debt / shareholders' equity,,2025-12-31,2025,FY,0001048286-26-000007;0001048286-26-000007,10-K,2026-02-10;2026-02-10,DebtAndCapitalLeaseObligations+StockholdersEquity,companyfacts:USD:;companyfacts:USD:,0.00,Equity is negative; debt/equity ratio is not economically meaningful. Total debt candidate=16204000000. Tier 1 direct total debt selected; no adders applied.
Marriott International,1048286,B07,Interest coverage ratio,5.118665018541409147095179234,ratio,OK,DERIVED,operating income / interest expense,2025-01-01,2025-12-31,2025,FY,0001048286-26-000007;0001048286-26-000007,10-K,2026-02-10;2026-02-10,OperatingIncomeLoss+InterestExpenseNonoperating,companyfacts:USD:CY2025;companyfacts:USD:CY2025,0.90,Operating income divided by interest expense.
Marriott International,1048286,B08,Current ratio,0.4267682781614670159561800429,ratio,OK,DERIVED,current assets / current liabilities,2025-12-31,2025-12-31,2025,FY,0001048286-26-000007;0001048286-26-000007,10-K,2026-02-10;2026-02-10,AssetsCurrent+LiabilitiesCurrent,companyfacts:USD:;companyfacts:USD:,0.90,Financial-institution profiles handle current ratio as structural N/A.
Marriott International,1048286,B09,Cash reserves,358000000,USD,OK,STD_XBRL,direct,2025-12-31,2025-12-31,2025,FY,0001048286-26-000007,10-K,2026-02-10,CashAndCashEquivalentsAtCarryingValue,companyfacts:USD:,0.95,Cash and cash equivalents only; short-term investments not merged.
Marriott International,1048286,B10,Occupancy rate,69.3,percent,MDA_OK,MDA,text/event extraction,2025-01-01,2025-12-31,,FY,0001048286-26-000007,,2026-02-10,MD&A occupancy,MD&A occupancy,0.85,Selected absolute occupancy from lodging KPI table; scope=comparable systemwide worldwide.
Marriott International,1048286,B11,RevPAR,128.8,USD,MDA_OK,MDA,text/event extraction,2025-01-01,2025-12-31,,FY,0001048286-26-000007,,2026-02-10,MD&A RevPAR,MD&A RevPAR,0.85,Selected absolute RevPAR from lodging KPI table; scope=comparable systemwide worldwide; percentage change columns are not used as USD values.
Marriott International,1048286,C01,CEO / CFO changes,3,count,8K_ITEM_OK,8K_ITEM,text/event extraction,2025-01-01,2025-12-31,,FY,0001193125-25-158742;0001193125-25-118861;0001193125-25-009110,,2025-07-14;2025-05-13;2025-01-21,8-K Item 5.02,FY window,0.90,CEO/CFO or director/officer event.
Marriott International,1048286,C02,Board composition,,,TEXT_QUAL,DEF14A,text/event extraction,2025-01-01,2025-12-31,,FY,0001140361-26-011590,,2026-03-27,DEF 14A board section,proxy statement,0.65,Textual board evidence captured; structured counts need review.
Marriott International,1048286,C03,Executive compensation signals,,,NOT_EXTRACTED,DEF14A,text/event extraction,2025-01-01,2025-12-31,,FY,0001140361-26-011590,,2026-03-27,PeoTotalCompAmt,target fiscal year,0.35,No numeric ecd:PeoTotalCompAmt fact matched target fiscal year; C03 degraded from previous ecd_fact_count.
Marriott International,1048286,C04,Auditor changes,0,flag,DIM_XBRL_OK,DIM_XBRL,text/event extraction,2025-01-01,2025-12-31,,FY,0001048286-26-000007,,2026-02-10,AuditorName,current/prior 10-K instance,0.80,auditor unchanged; current_accession=0001048286-26-000007; prior_accession=0001628280-25-004818; manual confirmation required when changed.
Marriott International,1048286,D01,Risk factors summary,,,TEXT_QUAL,TEXT,text/event extraction,2025-01-01,2025-12-31,,FY,0001048286-26-000007,,2026-02-10,Item 1A Risk Factors,10-K text,0.65,Risk factor heading or theme evidence.
Marriott International,1048286,D02,Litigation disclosures,,,TEXT_QUAL,TEXT,text/event extraction,2025-01-01,2025-12-31,,FY,0001048286-26-000007,,2026-02-10,Item 3 / litigation,10-K text,0.65,Legal proceedings or litigation text evidence.
Marriott International,1048286,D03,Regulatory investigations,,,TEXT_QUAL,TEXT,text/event extraction,2025-01-01,2025-12-31,,FY,0001048286-26-000007,,2026-02-10,Regulatory investigation keywords,10-K text,0.65,Keyword scan across risk/legal text.
Marriott International,1048286,D04,Going concern statements,,,TEXT_QUAL,TEXT,text/event extraction,2025-01-01,2025-12-31,,FY,0001048286-26-000007,,2026-02-10,Going concern,10-K text,0.65,No going-concern doubt phrase found in 10-K text.
Marriott International,1048286,E01,M&A announcements,0,count,NOT_AVAILABLE_SEC,8K_ITEM,text/event extraction,2025-01-01,2025-12-31,,FY,0001048286-25-000011;0001193125-25-009110;0001193125-25-036732;0001193125-25-118853;0001193125-25-118861;0001193125-25-158742;0001193125-25-184082;0001628280-25-004772;0001628280-25-022390;0001628280-25-037592,,2025-01-21;2025-02-11;2025-02-26;2025-05-06;2025-05-13;2025-07-14;2025-08-05;2025-08-20;2025-11-04,8-K Item 1.01/2.01/8.01,FY-window 8-K accessions scanned,0.75,FY-window 8-K scanned; no M&A item rule matched.
Marriott International,1048286,E02,Bankruptcy filings,0,count,NOT_AVAILABLE_SEC,8K_ITEM,text/event extraction,2025-01-01,2025-12-31,,FY,0001048286-25-000011;0001193125-25-009110;0001193125-25-036732;0001193125-25-118853;0001193125-25-118861;0001193125-25-158742;0001193125-25-184082;0001628280-25-004772;0001628280-25-022390;0001628280-25-037592,,2025-01-21;2025-02-11;2025-02-26;2025-05-06;2025-05-13;2025-07-14;2025-08-05;2025-08-20;2025-11-04,8-K Item 1.03,FY-window 8-K accessions scanned,0.80,No Item 1.03 in FY-window 8-K; zero is normal.
Marriott International,1048286,E03,Leadership departures,3,count,8K_ITEM_OK,8K_ITEM,text/event extraction,2025-01-01,2025-12-31,,FY,0001193125-25-158742;0001193125-25-118861;0001193125-25-009110,,2025-07-14;2025-05-13;2025-01-21,8-K Item 5.02,FY window,0.90,Leadership event.
Marriott International,1048286,E04,Financial restatements,0,count,NOT_AVAILABLE_SEC,8K_ITEM,text/event extraction,2025-01-01,2025-12-31,,FY,0001048286-25-000011;0001193125-25-009110;0001193125-25-036732;0001193125-25-118853;0001193125-25-118861;0001193125-25-158742;0001193125-25-184082;0001628280-25-004772;0001628280-25-022390;0001628280-25-037592,,2025-01-21;2025-02-11;2025-02-26;2025-05-06;2025-05-13;2025-07-14;2025-08-05;2025-08-20;2025-11-04,8-K Item 4.02,FY-window 8-K accessions scanned,0.80,FY-window 8-K scanned; no item 4.02 found.
Marriott International,1048286,E05,Material agreements,0,count,NOT_AVAILABLE_SEC,8K_ITEM,text/event extraction,2025-01-01,2025-12-31,,FY,0001048286-25-000011;0001193125-25-009110;0001193125-25-036732;0001193125-25-118853;0001193125-25-118861;0001193125-25-158742;0001193125-25-184082;0001628280-25-004772;0001628280-25-022390;0001628280-25-037592,,2025-01-21;2025-02-11;2025-02-26;2025-05-06;2025-05-13;2025-07-14;2025-08-05;2025-08-20;2025-11-04,8-K Item 1.01,FY-window 8-K accessions scanned,0.80,FY-window 8-K scanned; no item 1.01 found.
Southwest Airlines,92380,B01,Revenue,28063000000,USD,OK,STD_XBRL,direct,2025-01-01,2025-12-31,2025,FY,0000092380-26-000004,10-K,2026-02-05,RevenueFromContractWithCustomerExcludingAssessedTax,companyfacts:USD:CY2025,0.95,Revenue candidate chain from metric definition.
Southwest Airlines,92380,B02,Revenue YoY growth,0.02110395517228832369100898737,ratio,OK,DERIVED,(Revenue_t - Revenue_t-1) / Revenue_t-1,2025-01-01,2025-12-31,2025,FY,0000092380-26-000004;0000092380-25-000024,10-K,2026-02-05;2025-02-07,RevenueFromContractWithCustomerExcludingAssessedTax+RevenueFromContractWithCustomerExcludingAssessedTax,companyfacts:USD:CY2025;companyfacts:USD:,0.90,Same revenue candidate chain YoY pair after continuity checks.
Southwest Airlines,92380,B03,EBITDA margin,0.07084060863058119231728610626,ratio,OK,DERIVED,(Operating income + D&A) / revenue,2025-01-01,2025-12-31,2025,FY,0000092380-26-000004;0000092380-26-000004;0000092380-26-000004,10-K,2026-02-05;2026-02-05;2026-02-05,OperatingIncomeLoss+DepreciationAndAmortization+RevenueFromContractWithCustomerExcludingAssessedTax,companyfacts:USD:CY2025;companyfacts:USD:CY2025;companyfacts:USD:CY2025,0.90,Direct OperatingIncomeLoss selected. Direct D&A concept selected. GAAP EBITDA proxy; impairment is not added back.
Southwest Airlines,92380,B04,Net income,441000000,USD,OK,STD_XBRL,direct,2025-01-01,2025-12-31,2025,FY,0000092380-26-000004,10-K,2026-02-05,NetIncomeLoss,companyfacts:USD:CY2025,0.95,Net income candidate chain from metric definition.
Southwest Airlines,92380,B05,Free cash flow,-831000000,USD,OK,DERIVED,operating cash flow - capital expenditures,2025-01-01,2025-12-31,2025,FY,0000092380-26-000004;0000092380-26-000004,10-K,2026-02-05;2026-02-05,NetCashProvidedByUsedInOperatingActivities+PaymentsToAcquireProductiveAssets,companyfacts:USD:CY2025;companyfacts:USD:CY2025,0.90,Capex chain allows PaymentsToAcquireProductiveAssets.
Southwest Airlines,92380,B06,Debt-to-equity,0.6163388046610700413482019797,ratio,OK,DERIVED,total debt / shareholders' equity,2025-12-31,2025-12-31,2025,FY,0000092380-26-000004;0000092380-26-000004,10-K,2026-02-05;2026-02-05,LongTermDebtAndCapitalLeaseObligationsIncludingCurrentMaturities+StockholdersEquity,companyfacts:USD:CY2025Q4I;companyfacts:USD:,0.90,Consolidated entity-level debt/equity; Tier 1 direct total debt selected; no adders applied. Captive-finance dimensions are reviewed after accession instance parsing.
Southwest Airlines,92380,B07,Interest coverage ratio,2.562874251497005988023952096,ratio,OK,DERIVED,operating income / interest expense,2025-01-01,2025-12-31,2025,FY,0000092380-26-000004;0000092380-26-000004,10-K,2026-02-05;2026-02-05,OperatingIncomeLoss+InterestExpenseNonoperating,companyfacts:USD:CY2025;companyfacts:USD:CY2025,0.90,Operating income divided by interest expense.
Southwest Airlines,92380,B08,Current ratio,0.5168940573207581723285413424,ratio,OK,DERIVED,current assets / current liabilities,2025-12-31,2025-12-31,2025,FY,0000092380-26-000004;0000092380-26-000004,10-K,2026-02-05;2026-02-05,AssetsCurrent+LiabilitiesCurrent,companyfacts:USD:;companyfacts:USD:,0.90,Financial-institution profiles handle current ratio as structural N/A.
Southwest Airlines,92380,B09,Cash reserves,3231000000,USD,OK,STD_XBRL,direct,2025-12-31,2025-12-31,2025,FY,0000092380-26-000004,10-K,2026-02-05,CashAndCashEquivalentsAtCarryingValue,companyfacts:USD:,0.95,Cash and cash equivalents only; short-term investments not merged.
Southwest Airlines,92380,C01,CEO / CFO changes,4,count,8K_ITEM_OK,8K_ITEM,text/event extraction,2025-01-01,2025-12-31,,FY,0000092380-25-000075;0001193125-25-023650;0000092380-25-000025;0001193125-25-004026,,2025-03-31;2025-02-10;2025-02-07;2025-01-10,8-K Item 5.02,FY window,0.90,CEO/CFO or director/officer event.
Southwest Airlines,92380,C02,Board composition,,,TEXT_QUAL,DEF14A,text/event extraction,2025-01-01,2025-12-31,,FY,0001193125-26-127237,,2026-03-27,DEF 14A board section,proxy statement,0.65,Textual board evidence captured; structured counts need review.
Southwest Airlines,92380,C03,Executive compensation signals,16587882,USD,DEF14A_OK,DEF14A,text/event extraction,2025-01-01,2025-12-31,,FY,0001193125-26-127237,,2026-03-27,PeoTotalCompAmt,ecd:IndividualAxis=luv:RobertE.JordanMember,0.85,Selected ecd:PeoTotalCompAmt; duplicate contexts retained in evidence.
Southwest Airlines,92380,C04,Auditor changes,0,flag,DIM_XBRL_OK,DIM_XBRL,text/event extraction,2025-01-01,2025-12-31,,FY,0000092380-26-000004,,2026-02-05,AuditorName,current/prior 10-K instance,0.80,auditor unchanged; current_accession=0000092380-26-000004; prior_accession=0000092380-25-000024; manual confirmation required when changed.
Southwest Airlines,92380,D01,Risk factors summary,,,NOT_EXTRACTED,TEXT,text/event extraction,2025-01-01,2025-12-31,,FY,0000092380-26-000006,,2026-02-06,Item 1A Risk Factors,10-K text,0.30,Risk factor heading or theme evidence.
Southwest Airlines,92380,D02,Litigation disclosures,,,NOT_AVAILABLE_SEC,TEXT,text/event extraction,2025-01-01,2025-12-31,,FY,0000092380-26-000006,,2026-02-06,Item 3 / litigation,10-K text,0.30,Legal proceedings or litigation text evidence.
Southwest Airlines,92380,D03,Regulatory investigations,,,TEXT_QUAL,TEXT,text/event extraction,2025-01-01,2025-12-31,,FY,0000092380-26-000006,,2026-02-06,Regulatory investigation keywords,10-K text,0.65,Keyword scan across risk/legal text.
Southwest Airlines,92380,D04,Going concern statements,,,TEXT_QUAL,TEXT,text/event extraction,2025-01-01,2025-12-31,,FY,0000092380-26-000006,,2026-02-06,Going concern,10-K text,0.65,No going-concern doubt phrase found in 10-K text.
Southwest Airlines,92380,E01,M&A announcements,2,count,8K_ITEM_OK,8K_ITEM,text/event extraction,2025-01-01,2025-12-31,,FY,0001193125-25-262544;0001193125-25-029062,,,8-K Item 1.01/2.01/8.01,FY-window 8-K accessions scanned,0.75,M&A candidate from item mapping and keyword rule.
Southwest Airlines,92380,E02,Bankruptcy filings,0,count,NOT_AVAILABLE_SEC,8K_ITEM,text/event extraction,2025-01-01,2025-12-31,,FY,0000092380-25-000003;0000092380-25-000007;0000092380-25-000025;0000092380-25-000059;0000092380-25-000075;0000092380-25-000079;0000092380-25-000117;0000092380-25-000119;0000092380-25-000131;0000092380-25-000138;0000092380-25-000144;0001193125-25-004026;0001193125-25-013376;0001193125-25-023650;0001193125-25-028035;0001193125-25-029062;0001193125-25-262544,,2025-01-07;2025-01-10;2025-01-27;2025-01-30;2025-02-07;2025-02-10;2025-02-18;2025-02-19;2025-03-11;2025-03-31;2025-04-23;2025-05-19;2025-07-23;2025-10-22;2025-11-03;2025-12-05,8-K Item 1.03,FY-window 8-K accessions scanned,0.80,No Item 1.03 in FY-window 8-K; zero is normal.
Southwest Airlines,92380,E03,Leadership departures,4,count,8K_ITEM_OK,8K_ITEM,text/event extraction,2025-01-01,2025-12-31,,FY,0000092380-25-000075;0001193125-25-023650;0000092380-25-000025;0001193125-25-004026,,2025-03-31;2025-02-10;2025-02-07;2025-01-10,8-K Item 5.02,FY window,0.90,Leadership event.
Southwest Airlines,92380,E04,Financial restatements,0,count,NOT_AVAILABLE_SEC,8K_ITEM,text/event extraction,2025-01-01,2025-12-31,,FY,0000092380-25-000003;0000092380-25-000007;0000092380-25-000025;0000092380-25-000059;0000092380-25-000075;0000092380-25-000079;0000092380-25-000117;0000092380-25-000119;0000092380-25-000131;0000092380-25-000138;0000092380-25-000144;0001193125-25-004026;0001193125-25-013376;0001193125-25-023650;0001193125-25-028035;0001193125-25-029062;0001193125-25-262544,,2025-01-07;2025-01-10;2025-01-27;2025-01-30;2025-02-07;2025-02-10;2025-02-18;2025-02-19;2025-03-11;2025-03-31;2025-04-23;2025-05-19;2025-07-23;2025-10-22;2025-11-03;2025-12-05,8-K Item 4.02,FY-window 8-K accessions scanned,0.80,FY-window 8-K scanned; no item 4.02 found.
Southwest Airlines,92380,E05,Material agreements,2,count,8K_ITEM_OK,8K_ITEM,text/event extraction,2025-01-01,2025-12-31,,FY,0001193125-25-262544;0001193125-25-029062,,2025-11-03;2025-02-19,8-K Item 1.01,FY window,0.90,Material agreement event.
Ford Motor Company,37996,B01,Revenue,187267000000,USD,OK,STD_XBRL,direct,2025-01-01,2025-12-31,2025,FY,0000037996-26-000015,10-K,2026-02-11,RevenueFromContractWithCustomerExcludingAssessedTax,companyfacts:USD:CY2025,0.95,Revenue candidate chain from metric definition.
Ford Motor Company,37996,B02,Revenue YoY growth,0.01229782909531222971804186127,ratio,OK,DERIVED,(Revenue_t - Revenue_t-1) / Revenue_t-1,2025-01-01,2025-12-31,2025,FY,0000037996-26-000015;0000037996-25-000013,10-K,2026-02-11;2025-02-06,RevenueFromContractWithCustomerExcludingAssessedTax+RevenueFromContractWithCustomerExcludingAssessedTax,companyfacts:USD:CY2025;companyfacts:USD:,0.90,Same revenue candidate chain YoY pair after continuity checks.
Ford Motor Company,37996,B03,EBITDA margin,0.0363384899635280108080975292,ratio,OK,DERIVED,(Operating income + D&A) / revenue,2025-01-01,2025-12-31,2025,FY,0000037996-26-000015;0000037996-26-000015;0000037996-26-000015,10-K,2026-02-11;2026-02-11;2026-02-11,OperatingIncomeLoss+DepreciationDepletionAndAmortization+RevenueFromContractWithCustomerExcludingAssessedTax,companyfacts:USD:CY2025;companyfacts:USD:CY2025;companyfacts:USD:CY2025,0.90,Direct OperatingIncomeLoss selected. Direct D&A concept selected. GAAP EBITDA proxy; impairment is not added back.
Ford Motor Company,37996,B04,Net income,-8162000000,USD,OK,STD_XBRL,direct,2025-01-01,2025-12-31,2025,FY,0000037996-26-000015,10-K,2026-02-11,ProfitLoss,companyfacts:USD:CY2025,0.95,Net income candidate chain from metric definition.
Ford Motor Company,37996,B05,Free cash flow,12467000000,USD,OK,DERIVED,operating cash flow - capital expenditures,2025-01-01,2025-12-31,2025,FY,0000037996-26-000015;0000037996-26-000015,10-K,2026-02-11;2026-02-11,NetCashProvidedByUsedInOperatingActivities+PaymentsToAcquireProductiveAssets,companyfacts:USD:CY2025;companyfacts:USD:CY2025,0.90,Capex chain allows PaymentsToAcquireProductiveAssets.
Ford Motor Company,37996,B06,Debt-to-equity,,ratio,NEEDS_REVIEW,DERIVED,total debt / shareholders' equity,2025-12-31,2025-12-31,2025,FY,0000037996-26-000015;0000037996-26-000015;0000037996-26-000015,10-K,2026-02-11,FinanceLeaseLiabilityCurrent+FinanceLeaseLiabilityNoncurrent+StockholdersEquity,companyfacts:USD:CY2025Q4I;companyfacts:USD:CY2025Q4I;companyfacts:USD:,0.90,Main debt/equity value is blank because captive finance segment/dimension was detected; consolidated candidate is retained only in evidence and sidecar with candidate_role.
Ford Motor Company,37996,B07,Interest coverage ratio,,ratio,NOT_MEANINGFUL,NOT_AVAILABLE,operating income / interest expense,2025-01-01,2025-12-31,2025,FY,0000037996-26-000015;0000037996-26-000015,10-K,2026-02-11;2026-02-11,OperatingIncomeLoss+InterestExpenseNonoperating,companyfacts:USD:CY2025;companyfacts:USD:CY2025,0.00,Operating income is non-positive.
Ford Motor Company,37996,B08,Current ratio,1.074828096440073113412829663,ratio,OK,DERIVED,current assets / current liabilities,2025-12-31,2025-12-31,2025,FY,0000037996-26-000015;0000037996-26-000015,10-K,2026-02-11;2026-02-11,AssetsCurrent+LiabilitiesCurrent,companyfacts:USD:;companyfacts:USD:,0.90,Financial-institution profiles handle current ratio as structural N/A.
Ford Motor Company,37996,B09,Cash reserves,23356000000,USD,OK,STD_XBRL,direct,2025-12-31,2025-12-31,2025,FY,0000037996-26-000015,10-K,2026-02-11,CashAndCashEquivalentsAtCarryingValue,companyfacts:USD:,0.95,Cash and cash equivalents only; short-term investments not merged.
Ford Motor Company,37996,B13,Capacity utilization,,,TEXT_QUAL,TEXT,text/event extraction,2025-01-01,2025-12-31,,FY,0000037996-26-000015,,2026-02-11,Capacity utilization,10-K text,0.65,Only qualitative capacity evidence is used unless a ratio appears.
Ford Motor Company,37996,C01,CEO / CFO changes,3,count,8K_ITEM_OK,8K_ITEM,text/event extraction,2025-01-01,2025-12-31,,FY,0000037996-25-000236;0000037996-25-000074;0000037996-25-000009,,2025-12-12;2025-05-13;2025-02-05,8-K Item 5.02,FY window,0.90,CEO/CFO or director/officer event.
Ford Motor Company,37996,C02,Board composition,,,TEXT_QUAL,DEF14A,text/event extraction,2025-01-01,2025-12-31,,FY,0001552781-26-000164,,2026-03-27,DEF 14A board section,proxy statement,0.65,Textual board evidence captured; structured counts need review.
Ford Motor Company,37996,C03,Executive compensation signals,27519558,USD,DEF14A_OK,DEF14A,text/event extraction,2025-01-01,2025-12-31,,FY,0001552781-26-000164,,2026-03-27,PeoTotalCompAmt,,0.85,Selected ecd:PeoTotalCompAmt; duplicate contexts retained in evidence.
Ford Motor Company,37996,C04,Auditor changes,0,flag,DIM_XBRL_OK,DIM_XBRL,text/event extraction,2025-01-01,2025-12-31,,FY,0000037996-26-000015,,2026-02-11,AuditorName,current/prior 10-K instance,0.80,auditor unchanged; current_accession=0000037996-26-000015; prior_accession=0000037996-25-000013; manual confirmation required when changed.
Ford Motor Company,37996,D01,Risk factors summary,,,TEXT_QUAL,TEXT,text/event extraction,2025-01-01,2025-12-31,,FY,0000037996-26-000015,,2026-02-11,Item 1A Risk Factors,10-K text,0.65,Risk factor heading or theme evidence.
Ford Motor Company,37996,D02,Litigation disclosures,,,TEXT_QUAL,TEXT,text/event extraction,2025-01-01,2025-12-31,,FY,0000037996-26-000015,,2026-02-11,Item 3 / litigation,10-K text,0.65,Legal proceedings or litigation text evidence.
Ford Motor Company,37996,D03,Regulatory investigations,,,TEXT_QUAL,TEXT,text/event extraction,2025-01-01,2025-12-31,,FY,0000037996-26-000015,,2026-02-11,Regulatory investigation keywords,10-K text,0.65,Keyword scan across risk/legal text.
Ford Motor Company,37996,D04,Going concern statements,,,TEXT_QUAL,TEXT,text/event extraction,2025-01-01,2025-12-31,,FY,0000037996-26-000015,,2026-02-11,Going concern,10-K text,0.65,No going-concern doubt phrase found in 10-K text.
Ford Motor Company,37996,E01,M&A announcements,2,count,8K_ITEM_OK,8K_ITEM,text/event extraction,2025-01-01,2025-12-31,,FY,0000037996-25-000143;0000037996-25-000067,,,8-K Item 1.01/2.01/8.01,FY-window 8-K accessions scanned,0.75,M&A candidate from item mapping and keyword rule.
Ford Motor Company,37996,E02,Bankruptcy filings,0,count,NOT_AVAILABLE_SEC,8K_ITEM,text/event extraction,2025-01-01,2025-12-31,,FY,0000037996-25-000002;0000037996-25-000006;0000037996-25-000009;0000037996-25-000011;0000037996-25-000065;0000037996-25-000067;0000037996-25-000071;0000037996-25-000074;0000037996-25-000139;0000037996-25-000141;0000037996-25-000143;0000037996-25-000146;0000037996-25-000175;0000037996-25-000185;0000037996-25-000210;0000037996-25-000236;0000037996-25-000238,,2025-01-03;2025-01-23;2025-02-05;2025-04-01;2025-04-17;2025-05-05;2025-05-13;2025-07-01;2025-07-16;2025-07-28;2025-07-30;2025-10-01;2025-10-23;2025-11-21;2025-12-12;2025-12-15,8-K Item 1.03,FY-window 8-K accessions scanned,0.80,No Item 1.03 in FY-window 8-K; zero is normal.
Ford Motor Company,37996,E03,Leadership departures,3,count,8K_ITEM_OK,8K_ITEM,text/event extraction,2025-01-01,2025-12-31,,FY,0000037996-25-000236;0000037996-25-000074;0000037996-25-000009,,2025-12-12;2025-05-13;2025-02-05,8-K Item 5.02,FY window,0.90,Leadership event.
Ford Motor Company,37996,E04,Financial restatements,0,count,NOT_AVAILABLE_SEC,8K_ITEM,text/event extraction,2025-01-01,2025-12-31,,FY,0000037996-25-000002;0000037996-25-000006;0000037996-25-000009;0000037996-25-000011;0000037996-25-000065;0000037996-25-000067;0000037996-25-000071;0000037996-25-000074;0000037996-25-000139;0000037996-25-000141;0000037996-25-000143;0000037996-25-000146;0000037996-25-000175;0000037996-25-000185;0000037996-25-000210;0000037996-25-000236;0000037996-25-000238,,2025-01-03;2025-01-23;2025-02-05;2025-04-01;2025-04-17;2025-05-05;2025-05-13;2025-07-01;2025-07-16;2025-07-28;2025-07-30;2025-10-01;2025-10-23;2025-11-21;2025-12-12;2025-12-15,8-K Item 4.02,FY-window 8-K accessions scanned,0.80,FY-window 8-K scanned; no item 4.02 found.
Ford Motor Company,37996,E05,Material agreements,2,count,8K_ITEM_OK,8K_ITEM,text/event extraction,2025-01-01,2025-12-31,,FY,0000037996-25-000143;0000037996-25-000067,,2025-07-28;2025-04-17,8-K Item 1.01,FY window,0.90,Material agreement event.
Pfizer,78003,B01,Revenue,62579000000,USD,OK,STD_XBRL,direct,2025-01-01,2025-12-31,2025,FY,0000078003-26-000026,10-K,2026-02-26,Revenues,companyfacts:USD:CY2025,0.95,Revenue candidate chain from metric definition.
Pfizer,78003,B02,Revenue YoY growth,-0.01647099501783833906989171264,ratio,OK,DERIVED,(Revenue_t - Revenue_t-1) / Revenue_t-1,2025-01-01,2025-12-31,2025,FY,0000078003-26-000026;0000078003-25-000054,10-K,2026-02-26;2025-02-27,Revenues+Revenues,companyfacts:USD:CY2025;companyfacts:USD:,0.90,Same revenue candidate chain YoY pair after continuity checks.
Pfizer,78003,B03,EBITDA margin,0.3329551446971028619824541779,ratio,OK_APPROX,DERIVED,(Operating income + D&A) / revenue,2025-01-01,2025-12-31,2025,FY,0000078003-26-000026;0000078003-26-000026;0000078003-26-000026;0000078003-26-000026,10-K,2026-02-26;2026-02-26;2026-02-26;2026-02-26,IncomeLossFromContinuingOperationsBeforeIncomeTaxesExtraordinaryItemsNoncontrollingInterest+OtherNonoperatingIncomeExpense+DepreciationDepletionAndAmortization+Revenues,companyfacts:USD:CY2025;companyfacts:USD:CY2025;companyfacts:USD:CY2025;companyfacts:USD:CY2025,0.90,Operating income reconstructed from pretax continuing income less aggregate nonoperating income/expense; assumes the nonoperating aggregate is the complete operating-to-pretax bridge. CostsAndExpenses cross-check unavailable; assumes the nonoperating aggregate is the complete operating-to-pretax bridge. Direct D&A concept selected. GAAP EBITDA proxy; impairment is not added back.
Pfizer,78003,B04,Net income,7771000000,USD,OK,STD_XBRL,direct,2025-01-01,2025-12-31,2025,FY,0000078003-26-000026,10-K,2026-02-26,NetIncomeLoss,companyfacts:USD:CY2025,0.95,Net income candidate chain from metric definition.
Pfizer,78003,B05,Free cash flow,9075000000,USD,OK,DERIVED,operating cash flow - capital expenditures,2025-01-01,2025-12-31,2025,FY,0000078003-26-000026;0000078003-26-000026,10-K,2026-02-26;2026-02-26,NetCashProvidedByUsedInOperatingActivities+PaymentsToAcquirePropertyPlantAndEquipment,companyfacts:USD:CY2025;companyfacts:USD:CY2025,0.90,Capex chain allows PaymentsToAcquireProductiveAssets.
Pfizer,78003,B06,Debt-to-equity,0.7474675054350339978722420093,ratio,OK,DERIVED,total debt / shareholders' equity,2025-12-31,2025-12-31,2025,FY,0000078003-26-000026;0000078003-26-000026;0000078003-26-000026,10-K,2026-02-26;2026-02-26;2026-02-26,LongTermDebtCurrent+LongTermDebtNoncurrent+StockholdersEquity,companyfacts:USD:;companyfacts:USD:;companyfacts:USD:,0.90,Consolidated entity-level debt/equity; Tier 2 same-family current/noncurrent debt pair selected. Captive-finance dimensions are reviewed after accession instance parsing.
Pfizer,78003,B07,Interest coverage ratio,5.332834144515162860351928117,ratio,OK_APPROX,DERIVED,operating income / interest expense,2025-01-01,2025-12-31,2025,FY,0000078003-26-000026;0000078003-26-000026;0000078003-26-000026,10-K,2026-02-26;2026-02-26;2026-02-26,IncomeLossFromContinuingOperationsBeforeIncomeTaxesExtraordinaryItemsNoncontrollingInterest+OtherNonoperatingIncomeExpense+InterestExpense,companyfacts:USD:CY2025;companyfacts:USD:CY2025;companyfacts:USD:CY2025,0.90,Interest coverage uses reconstructed operating income.
Pfizer,78003,B08,Current ratio,1.159906986805104910231451438,ratio,OK,DERIVED,current assets / current liabilities,2025-12-31,2025-12-31,2025,FY,0000078003-26-000026;0000078003-26-000026,10-K,2026-02-26;2026-02-26,AssetsCurrent+LiabilitiesCurrent,companyfacts:USD:;companyfacts:USD:,0.90,Financial-institution profiles handle current ratio as structural N/A.
Pfizer,78003,B09,Cash reserves,1142000000,USD,OK,STD_XBRL,direct,2025-12-31,2025-12-31,2025,FY,0000078003-26-000026,10-K,2026-02-26,CashAndCashEquivalentsAtCarryingValue,companyfacts:USD:,0.95,Cash and cash equivalents only; short-term investments not merged.
Pfizer,78003,C01,CEO / CFO changes,0,count,NOT_AVAILABLE_SEC,8K_ITEM,text/event extraction,2025-01-01,2025-12-31,,FY,0000078003-25-000017;0000078003-25-000109;0000078003-25-000111;0000078003-25-000136;0000078003-25-000149;0000078003-25-000159;0000078003-25-000167;0001193125-25-122480;0001193125-25-291406,,2025-02-04;2025-04-28;2025-04-29;2025-05-19;2025-08-05;2025-11-04;2025-11-13;2025-11-21;2025-12-16,8-K Item 5.02,FY-window 8-K accessions scanned,0.80,FY-window 8-K scanned; no item 5.02 found.
Pfizer,78003,C02,Board composition,,,TEXT_QUAL,DEF14A,text/event extraction,2025-01-01,2025-12-31,,FY,0000078003-26-000033,,2026-03-12,DEF 14A board section,proxy statement,0.65,Textual board evidence captured; structured counts need review.
Pfizer,78003,C03,Executive compensation signals,27585301,USD,DEF14A_OK,DEF14A,text/event extraction,2025-01-01,2025-12-31,,FY,0000078003-26-000033,,2026-03-12,PeoTotalCompAmt,,0.85,Selected ecd:PeoTotalCompAmt; duplicate contexts retained in evidence.
Pfizer,78003,C04,Auditor changes,0,flag,DIM_XBRL_OK,DIM_XBRL,text/event extraction,2025-01-01,2025-12-31,,FY,0000078003-26-000026,,2026-02-26,AuditorName,current/prior 10-K instance,0.80,auditor unchanged; current_accession=0000078003-26-000026; prior_accession=0000078003-25-000054; manual confirmation required when changed.
Pfizer,78003,D01,Risk factors summary,,,TEXT_QUAL,TEXT,text/event extraction,2025-01-01,2025-12-31,,FY,0000078003-26-000026,,2026-02-26,Item 1A Risk Factors,10-K text,0.65,Risk factor heading or theme evidence.
Pfizer,78003,D02,Litigation disclosures,,,TEXT_QUAL,TEXT,text/event extraction,2025-01-01,2025-12-31,,FY,0000078003-26-000026,,2026-02-26,Item 3 / litigation,10-K text,0.65,Legal proceedings or litigation text evidence.
Pfizer,78003,D03,Regulatory investigations,,,TEXT_QUAL,TEXT,text/event extraction,2025-01-01,2025-12-31,,FY,0000078003-26-000026,,2026-02-26,Regulatory investigation keywords,10-K text,0.65,Keyword scan across risk/legal text.
Pfizer,78003,D04,Going concern statements,,,TEXT_QUAL,TEXT,text/event extraction,2025-01-01,2025-12-31,,FY,0000078003-26-000026,,2026-02-26,Going concern,10-K text,0.65,No going-concern doubt phrase found in 10-K text.
Pfizer,78003,E01,M&A announcements,0,count,NOT_AVAILABLE_SEC,8K_ITEM,text/event extraction,2025-01-01,2025-12-31,,FY,0000078003-25-000017;0000078003-25-000109;0000078003-25-000111;0000078003-25-000136;0000078003-25-000149;0000078003-25-000159;0000078003-25-000167;0001193125-25-122480;0001193125-25-291406,,2025-02-04;2025-04-28;2025-04-29;2025-05-19;2025-08-05;2025-11-04;2025-11-13;2025-11-21;2025-12-16,8-K Item 1.01/2.01/8.01,FY-window 8-K accessions scanned,0.75,FY-window 8-K scanned; no M&A item rule matched.
Pfizer,78003,E02,Bankruptcy filings,0,count,NOT_AVAILABLE_SEC,8K_ITEM,text/event extraction,2025-01-01,2025-12-31,,FY,0000078003-25-000017;0000078003-25-000109;0000078003-25-000111;0000078003-25-000136;0000078003-25-000149;0000078003-25-000159;0000078003-25-000167;0001193125-25-122480;0001193125-25-291406,,2025-02-04;2025-04-28;2025-04-29;2025-05-19;2025-08-05;2025-11-04;2025-11-13;2025-11-21;2025-12-16,8-K Item 1.03,FY-window 8-K accessions scanned,0.80,No Item 1.03 in FY-window 8-K; zero is normal.
Pfizer,78003,E03,Leadership departures,0,count,NOT_AVAILABLE_SEC,8K_ITEM,text/event extraction,2025-01-01,2025-12-31,,FY,0000078003-25-000017;0000078003-25-000109;0000078003-25-000111;0000078003-25-000136;0000078003-25-000149;0000078003-25-000159;0000078003-25-000167;0001193125-25-122480;0001193125-25-291406,,2025-02-04;2025-04-28;2025-04-29;2025-05-19;2025-08-05;2025-11-04;2025-11-13;2025-11-21;2025-12-16,8-K Item 5.02,FY-window 8-K accessions scanned,0.80,FY-window 8-K scanned; no item 5.02 found.
Pfizer,78003,E04,Financial restatements,0,count,NOT_AVAILABLE_SEC,8K_ITEM,text/event extraction,2025-01-01,2025-12-31,,FY,0000078003-25-000017;0000078003-25-000109;0000078003-25-000111;0000078003-25-000136;0000078003-25-000149;0000078003-25-000159;0000078003-25-000167;0001193125-25-122480;0001193125-25-291406,,2025-02-04;2025-04-28;2025-04-29;2025-05-19;2025-08-05;2025-11-04;2025-11-13;2025-11-21;2025-12-16,8-K Item 4.02,FY-window 8-K accessions scanned,0.80,FY-window 8-K scanned; no item 4.02 found.
Pfizer,78003,E05,Material agreements,0,count,NOT_AVAILABLE_SEC,8K_ITEM,text/event extraction,2025-01-01,2025-12-31,,FY,0000078003-25-000017;0000078003-25-000109;0000078003-25-000111;0000078003-25-000136;0000078003-25-000149;0000078003-25-000159;0000078003-25-000167;0001193125-25-122480;0001193125-25-291406,,2025-02-04;2025-04-28;2025-04-29;2025-05-19;2025-08-05;2025-11-04;2025-11-13;2025-11-21;2025-12-16,8-K Item 1.01,FY-window 8-K accessions scanned,0.80,FY-window 8-K scanned; no item 1.01 found.
JPMorgan Chase,19617,A01,Tier 1 capital ratio,0.155,pure,DIM_XBRL_OK,DIM_XBRL,text/event extraction,2025-01-01,2025-12-31,,FY,0001628280-26-008131,,2026-02-13,TierOneRiskBasedCapitalToRiskWeightedAssets,srt:ConsolidatedEntitiesAxis=srt:ParentCompanyMember;us-gaap:RiskWeightedAssetsCalculationMethodologyAxis=jpm:BaselIIIStandardizedMember,0.90,Selected parent/consolidated standardized Basel ratio fact; candidate facts and regulatory thresholds are retained in outputs/basel_ratio_candidates.csv. c-2054 us-gaap:RiskWeightedAssetsCalculationMethodologyAxis=jpm:BaselIIIStandardizedMember;dei:LegalEntityAxis=jpm:JpmorganChaseBankNAMember=0.153 | c-2055 srt:ConsolidatedEntitiesAxis=srt:ParentCompanyMember;us-gaap:RiskWeightedAssetsCalculationMethodologyAxis=jpm:BaselIIIAdvancedMember=0.150 | c-2056 us-gaap:RiskWeightedAssetsCalculationMethodologyAxis=jpm:BaselIIIAdvancedMember;dei:LegalEntityAxis=jpm:JpmorganChaseBankNAMember=0.158
JPMorgan Chase,19617,A02,CET1 ratio,0.146,pure,DIM_XBRL_OK,DIM_XBRL,text/event extraction,2025-01-01,2025-12-31,,FY,0001628280-26-008131,,2026-02-13,CommonEquityTier1CapitaltoRiskWeightedAssets,srt:ConsolidatedEntitiesAxis=srt:ParentCompanyMember;us-gaap:RiskWeightedAssetsCalculationMethodologyAxis=jpm:BaselIIIStandardizedMember,0.90,Selected parent/consolidated standardized Basel ratio fact; candidate facts and regulatory thresholds are retained in outputs/basel_ratio_candidates.csv. c-2054 us-gaap:RiskWeightedAssetsCalculationMethodologyAxis=jpm:BaselIIIStandardizedMember;dei:LegalEntityAxis=jpm:JpmorganChaseBankNAMember=0.153 | c-2055 srt:ConsolidatedEntitiesAxis=srt:ParentCompanyMember;us-gaap:RiskWeightedAssetsCalculationMethodologyAxis=jpm:BaselIIIAdvancedMember=0.141 | c-2056 us-gaap:RiskWeightedAssetsCalculationMethodologyAxis=jpm:BaselIIIAdvancedMember;dei:LegalEntityAxis=jpm:JpmorganChaseBankNAMember=0.158
JPMorgan Chase,19617,A03,Liquidity coverage ratio,1.11,ratio,MDA_OK,MDA,text/event extraction,2025-01-01,2025-12-31,,FY,0001628280-26-008131,,2026-02-13,Liquidity coverage ratio,MD&A table row label,0.80,Firm average LCR table row selected; raw table reports percent and matrix stores ratio.
JPMorgan Chase,19617,A04,Net interest margin,0.025,ratio,MDA_OK,MDA,text/event extraction,2025-01-01,2025-12-31,,FY,0001628280-26-008131,,2026-02-13,Net interest margin,MD&A table row label,0.80,Managed basis / non-GAAP table row selected. companyfacts proxy NII / average total assets=0.02264979566226381198982310031; table NIM should normally exceed this proxy because average interest-earning assets are usually smaller than average total assets.
JPMorgan Chase,19617,A08,Fee income vs interest income,0.9115807340506899405928145595,ratio,OK,STD_XBRL,NoninterestIncome / InterestIncomeExpenseNet,2025-01-01,2025-12-31,2025,FY,0001628280-26-008131;0001628280-26-008131,10-K,2026-02-13;2026-02-13,NoninterestIncome+InterestIncomeExpenseNet,companyfacts:USD:CY2025;companyfacts:USD:CY2025,0.90,"Per 02 §A08 definition, this uses noninterest income, not pure fee income; noninterest income may include trading, investment banking, asset-management and other noninterest revenue."
JPMorgan Chase,19617,A09,Non-performing loans / NPL ratio,,,NOT_EXTRACTED,NOT_AVAILABLE,not numeric in companyfacts stage,2025-01-01,2025-12-31,,,,,,Requires credit risk table or reviewed dimensions.,,0.00,Requires credit risk table or reviewed dimensions.
JPMorgan Chase,19617,A10,Loan loss reserves,0.01828725144704575539159843992,ratio,OK,STD_XBRL,FinancingReceivableAllowanceForCreditLossExcludingAccruedInterest / FinancingReceivableExcludingAccruedInterestBeforeAllowanceForCreditLoss,2025-12-31,2025-12-31,2025,FY,0001628280-26-008131;0001628280-26-008131,10-K,2026-02-13;2026-02-13,FinancingReceivableAllowanceForCreditLossExcludingAccruedInterest+FinancingReceivableExcludingAccruedInterestBeforeAllowanceForCreditLoss,companyfacts:USD:;companyfacts:USD:,0.90,Primary allowance ratio uses retained loans before allowance for credit loss; securities credit-loss allowance is excluded.
JPMorgan Chase,19617,A11,AUM,4791000000000,USD,MDA_OK,MDA,text/event extraction,2025-01-01,2025-12-31,,FY,0001628280-26-008131,,2026-02-13,AUM,MD&A table row label,0.80,Assets under management table row selected; source unit is billions.
JPMorgan Chase,19617,A12,Trading exposure,40000000,USD,MDA_OK,MDA,text/event extraction,2025-01-01,2025-12-31,,FY,0001628280-26-008131,,2026-02-13,Trading exposure,MD&A table row label,0.80,Total VaR average table row selected; source unit is millions and table states 95% confidence level.
JPMorgan Chase,19617,A13,Geographic exposure,,,NOT_EXTRACTED,NOT_AVAILABLE,not numeric in companyfacts stage,2025-01-01,2025-12-31,,,,,,Requires geographic dimensions or segment table.,,0.00,Requires geographic dimensions or segment table.
JPMorgan Chase,19617,A05,ROA,0.01353819078340816975991354239,ratio,OK,DERIVED,net income / average total assets,2025-01-01,2025-12-31,2025,FY,0001628280-26-008131;0001628280-26-008131;0000019617-25-000270,10-K,2026-02-13;2026-02-13;2025-02-14,NetIncomeLoss+Assets+Assets,companyfacts:USD:;companyfacts:USD:;companyfacts:USD:,0.90,Average assets uses current and prior 10-K Assets.
JPMorgan Chase,19617,A06,ROE,0.1613357541615054383791763528,ratio,OK,DERIVED,net income / average shareholders' equity,2025-01-01,2025-12-31,2025,FY,0001628280-26-008131;0001628280-26-008131;0000019617-25-000270,10-K,2026-02-13;2026-02-13;2025-02-14,NetIncomeLoss+StockholdersEquity+StockholdersEquity,companyfacts:USD:;companyfacts:USD:;companyfacts:USD:,0.90,Uses total equity when common-shareholder denominator is absent.
JPMorgan Chase,19617,A07,Net income trends,-1423000000,USD,OK,DERIVED,NetIncome_t - NetIncome_t-1,2025-01-01,2025-12-31,2025,FY,0001628280-26-008131;0000019617-25-000270,10-K,2026-02-13;2025-02-14,NetIncomeLoss+NetIncomeLoss,companyfacts:USD:;companyfacts:USD:,0.90,Single-year task trend is YoY pair.
JPMorgan Chase,19617,B08,Current ratio,,,N_A_STRUCTURAL,NOT_AVAILABLE,not numeric in companyfacts stage,2025-01-01,2025-12-31,,,,,,Bank current ratio is structurally not applicable.,,0.00,Bank current ratio is structurally not applicable.
JPMorgan Chase,19617,C01,CEO / CFO changes,3,count,8K_ITEM_OK,8K_ITEM,text/event extraction,2025-01-01,2025-12-31,,FY,0000019617-25-001100;0000019617-25-000056;0001193125-25-006009,,2025-12-08;2025-01-23;2025-01-14,8-K Item 5.02,FY window,0.90,CEO/CFO or director/officer event.
JPMorgan Chase,19617,C02,Board composition,,,TEXT_QUAL,DEF14A,text/event extraction,2025-01-01,2025-12-31,,FY,0000019617-26-000096,,2026-04-06,DEF 14A board section,proxy statement,0.65,Textual board evidence captured; structured counts need review.
JPMorgan Chase,19617,C03,Executive compensation signals,40632724,USD,DEF14A_OK,DEF14A,text/event extraction,2025-01-01,2025-12-31,,FY,0000019617-26-000096,,2026-04-06,PeoTotalCompAmt,,0.85,Selected ecd:PeoTotalCompAmt; duplicate contexts retained in evidence.
JPMorgan Chase,19617,C04,Auditor changes,0,flag,DIM_XBRL_OK,DIM_XBRL,text/event extraction,2025-01-01,2025-12-31,,FY,0001628280-26-008131,,2026-02-13,AuditorName,current/prior 10-K instance,0.80,auditor unchanged; current_accession=0001628280-26-008131; prior_accession=0000019617-25-000270; manual confirmation required when changed.
JPMorgan Chase,19617,D01,Risk factors summary,,,TEXT_QUAL,TEXT,text/event extraction,2025-01-01,2025-12-31,,FY,0001628280-26-008131,,2026-02-13,Item 1A Risk Factors,10-K text,0.65,Risk factor heading or theme evidence.
JPMorgan Chase,19617,D02,Litigation disclosures,,,TEXT_QUAL,TEXT,text/event extraction,2025-01-01,2025-12-31,,FY,0001628280-26-008131,,2026-02-13,Item 3 / litigation,10-K text,0.65,Legal proceedings or litigation text evidence.
JPMorgan Chase,19617,D03,Regulatory investigations,,,TEXT_QUAL,TEXT,text/event extraction,2025-01-01,2025-12-31,,FY,0001628280-26-008131,,2026-02-13,Regulatory investigation keywords,10-K text,0.65,Keyword scan across risk/legal text.
JPMorgan Chase,19617,D04,Going concern statements,,,TEXT_QUAL,TEXT,text/event extraction,2025-01-01,2025-12-31,,FY,0001628280-26-008131,,2026-02-13,Going concern,10-K text,0.65,No going-concern doubt phrase found in 10-K text.
JPMorgan Chase,19617,E01,M&A announcements,0,count,NOT_AVAILABLE_SEC,8K_ITEM,text/event extraction,2025-01-01,2025-12-31,,FY,0000019617-25-000040;0000019617-25-000042;0000019617-25-000056;0000019617-25-000332;0000019617-25-000334;0000019617-25-000483;0000019617-25-000485;0000019617-25-000509;0000019617-25-000510;0000019617-25-000518;0000019617-25-000520;0000019617-25-000907;0000019617-25-001100;0001193125-25-006009;0001193125-25-012230;0001193125-25-013396;0001193125-25-020070;0001193125-25-078015;0001193125-25-089203;0001193125-25-163423;0001193125-25-246803;0001628280-25-044845;0001628280-25-044887,,2025-01-14;2025-01-15;2025-01-23;2025-01-24;2025-01-27;2025-02-04;2025-04-10;2025-04-11;2025-04-22;2025-05-19;2025-05-22;2025-07-01;2025-07-15;2025-07-23;2025-09-12;2025-10-14;2025-10-22;2025-12-08,8-K Item 1.01/2.01/8.01,FY-window 8-K accessions scanned,0.75,FY-window 8-K scanned; no M&A item rule matched.
JPMorgan Chase,19617,E02,Bankruptcy filings,0,count,NOT_AVAILABLE_SEC,8K_ITEM,text/event extraction,2025-01-01,2025-12-31,,FY,0000019617-25-000040;0000019617-25-000042;0000019617-25-000056;0000019617-25-000332;0000019617-25-000334;0000019617-25-000483;0000019617-25-000485;0000019617-25-000509;0000019617-25-000510;0000019617-25-000518;0000019617-25-000520;0000019617-25-000907;0000019617-25-001100;0001193125-25-006009;0001193125-25-012230;0001193125-25-013396;0001193125-25-020070;0001193125-25-078015;0001193125-25-089203;0001193125-25-163423;0001193125-25-246803;0001628280-25-044845;0001628280-25-044887,,2025-01-14;2025-01-15;2025-01-23;2025-01-24;2025-01-27;2025-02-04;2025-04-10;2025-04-11;2025-04-22;2025-05-19;2025-05-22;2025-07-01;2025-07-15;2025-07-23;2025-09-12;2025-10-14;2025-10-22;2025-12-08,8-K Item 1.03,FY-window 8-K accessions scanned,0.80,No Item 1.03 in FY-window 8-K; zero is normal.
JPMorgan Chase,19617,E03,Leadership departures,3,count,8K_ITEM_OK,8K_ITEM,text/event extraction,2025-01-01,2025-12-31,,FY,0000019617-25-001100;0000019617-25-000056;0001193125-25-006009,,2025-12-08;2025-01-23;2025-01-14,8-K Item 5.02,FY window,0.90,Leadership event.
JPMorgan Chase,19617,E04,Financial restatements,0,count,NOT_AVAILABLE_SEC,8K_ITEM,text/event extraction,2025-01-01,2025-12-31,,FY,0000019617-25-000040;0000019617-25-000042;0000019617-25-000056;0000019617-25-000332;0000019617-25-000334;0000019617-25-000483;0000019617-25-000485;0000019617-25-000509;0000019617-25-000510;0000019617-25-000518;0000019617-25-000520;0000019617-25-000907;0000019617-25-001100;0001193125-25-006009;0001193125-25-012230;0001193125-25-013396;0001193125-25-020070;0001193125-25-078015;0001193125-25-089203;0001193125-25-163423;0001193125-25-246803;0001628280-25-044845;0001628280-25-044887,,2025-01-14;2025-01-15;2025-01-23;2025-01-24;2025-01-27;2025-02-04;2025-04-10;2025-04-11;2025-04-22;2025-05-19;2025-05-22;2025-07-01;2025-07-15;2025-07-23;2025-09-12;2025-10-14;2025-10-22;2025-12-08,8-K Item 4.02,FY-window 8-K accessions scanned,0.80,FY-window 8-K scanned; no item 4.02 found.
JPMorgan Chase,19617,E05,Material agreements,0,count,NOT_AVAILABLE_SEC,8K_ITEM,text/event extraction,2025-01-01,2025-12-31,,FY,0000019617-25-000040;0000019617-25-000042;0000019617-25-000056;0000019617-25-000332;0000019617-25-000334;0000019617-25-000483;0000019617-25-000485;0000019617-25-000509;0000019617-25-000510;0000019617-25-000518;0000019617-25-000520;0000019617-25-000907;0000019617-25-001100;0001193125-25-006009;0001193125-25-012230;0001193125-25-013396;0001193125-25-020070;0001193125-25-078015;0001193125-25-089203;0001193125-25-163423;0001193125-25-246803;0001628280-25-044845;0001628280-25-044887,,2025-01-14;2025-01-15;2025-01-23;2025-01-24;2025-01-27;2025-02-04;2025-04-10;2025-04-11;2025-04-22;2025-05-19;2025-05-22;2025-07-01;2025-07-15;2025-07-23;2025-09-12;2025-10-14;2025-10-22;2025-12-08,8-K Item 1.01,FY-window 8-K accessions scanned,0.80,FY-window 8-K scanned; no item 1.01 found.
Salesforce,1108524,B01,Revenue,41525000000,USD,OK,STD_XBRL,direct,2025-02-01,2026-01-31,2025,FY,0001108524-26-000060,10-K,2026-03-02,RevenueFromContractWithCustomerExcludingAssessedTax,companyfacts:USD:CY2025,0.95,Revenue candidate chain from metric definition.
Salesforce,1108524,B02,Revenue YoY growth,0.09579100145137880986937590711,ratio,OK,DERIVED,(Revenue_t - Revenue_t-1) / Revenue_t-1,2025-02-01,2026-01-31,2025,FY,0001108524-26-000060;0001108524-25-000006,10-K,2026-03-02;2025-03-05,RevenueFromContractWithCustomerExcludingAssessedTax+RevenueFromContractWithCustomerExcludingAssessedTax,companyfacts:USD:CY2025;companyfacts:USD:,0.90,Same revenue candidate chain YoY pair after continuity checks.
Salesforce,1108524,B03,EBITDA margin,0.2295243829018663455749548465,ratio,OK,DERIVED,(Operating income + D&A) / revenue,2025-02-01,2026-01-31,2025,FY,0001108524-26-000060;0001108524-26-000060;0001108524-26-000060,10-K,2026-03-02;2026-03-02;2026-03-02,OperatingIncomeLoss+DepreciationDepletionAndAmortization+RevenueFromContractWithCustomerExcludingAssessedTax,companyfacts:USD:CY2025;companyfacts:USD:CY2025;companyfacts:USD:CY2025,0.90,Direct OperatingIncomeLoss selected. Direct D&A concept selected. GAAP EBITDA proxy; impairment is not added back.
Salesforce,1108524,B04,Net income,7457000000,USD,OK,STD_XBRL,direct,2025-02-01,2026-01-31,2025,FY,0001108524-26-000060,10-K,2026-03-02,NetIncomeLoss,companyfacts:USD:,0.95,Net income candidate chain from metric definition.
Salesforce,1108524,B05,Free cash flow,14402000000,USD,OK,DERIVED,operating cash flow - capital expenditures,2025-02-01,2026-01-31,2025,FY,0001108524-26-000060;0001108524-26-000060,10-K,2026-03-02;2026-03-02,NetCashProvidedByUsedInOperatingActivities+PaymentsToAcquirePropertyPlantAndEquipment,companyfacts:USD:CY2025;companyfacts:USD:CY2025,0.90,Capex chain allows PaymentsToAcquireProductiveAssets.
Salesforce,1108524,B06,Debt-to-equity,0.2441412194379628690270873491,ratio,OK,DERIVED,total debt / shareholders' equity,2026-01-31,2026-01-31,2025,FY,0001108524-26-000060;0001108524-26-000060;0001108524-26-000060,10-K,2026-03-02;2026-03-02;2026-03-02,LongTermDebtCurrent+LongTermDebtNoncurrent+StockholdersEquity,companyfacts:USD:;companyfacts:USD:;companyfacts:USD:,0.90,Consolidated entity-level debt/equity; Tier 2 same-family current/noncurrent debt pair selected. Captive-finance dimensions are reviewed after accession instance parsing.
Salesforce,1108524,B07,Interest coverage ratio,25.71296296296296296296296296,ratio,OK,DERIVED,operating income / interest expense,2025-02-01,2026-01-31,2025,FY,0001108524-26-000060;0001108524-26-000060,10-K,2026-03-02;2026-03-02,OperatingIncomeLoss+InterestExpenseDebt,companyfacts:USD:CY2025;companyfacts:USD:CY2025,0.90,Operating income divided by interest expense.
Salesforce,1108524,B08,Current ratio,0.7603319144350449916482569104,ratio,OK,DERIVED,current assets / current liabilities,2026-01-31,2026-01-31,2025,FY,0001108524-26-000060;0001108524-26-000060,10-K,2026-03-02;2026-03-02,AssetsCurrent+LiabilitiesCurrent,companyfacts:USD:;companyfacts:USD:,0.90,Financial-institution profiles handle current ratio as structural N/A.
Salesforce,1108524,B09,Cash reserves,7327000000,USD,OK,STD_XBRL,direct,2026-01-31,2026-01-31,2025,FY,0001108524-26-000060,10-K,2026-03-02,CashAndCashEquivalentsAtCarryingValue,companyfacts:USD:,0.95,Cash and cash equivalents only; short-term investments not merged.
Salesforce,1108524,B12,ARR / churn or RPO substitute,72400000000,USD,DIM_XBRL_OK,DIM_XBRL,text/event extraction,2025-02-01,2026-01-31,,FY,0001108524-26-000060,,2026-03-02,RevenueRemainingPerformanceObligation,c-4,0.90,RPO != ARR; cRPO != ARR. Selected accession instance fact.
Salesforce,1108524,C01,CEO / CFO changes,3,count,8K_ITEM_OK,8K_ITEM,text/event extraction,2025-02-01,2026-01-31,,FY,0001108524-25-000040;0001108524-25-000033;0001193125-25-020881,,2025-07-09;2025-06-09;2025-02-05,8-K Item 5.02,FY window,0.90,CEO/CFO or director/officer event.
Salesforce,1108524,C02,Board composition,,,TEXT_QUAL,DEF14A,text/event extraction,2025-02-01,2026-01-31,,FY,0001108524-26-000085,,2026-04-16,DEF 14A board section,proxy statement,0.65,Textual board evidence captured; structured counts need review.
Salesforce,1108524,C03,Executive compensation signals,49379252,USD,DEF14A_OK,DEF14A,text/event extraction,2025-02-01,2026-01-31,,FY,0001108524-26-000085,,2026-04-16,PeoTotalCompAmt,,0.85,Selected ecd:PeoTotalCompAmt; duplicate contexts retained in evidence.
Salesforce,1108524,C04,Auditor changes,0,flag,DIM_XBRL_OK,DIM_XBRL,text/event extraction,2025-02-01,2026-01-31,,FY,0001108524-26-000060,,2026-03-02,AuditorName,current/prior 10-K instance,0.80,auditor unchanged; current_accession=0001108524-26-000060; prior_accession=0001108524-25-000006; manual confirmation required when changed.
Salesforce,1108524,D01,Risk factors summary,,,TEXT_QUAL,TEXT,text/event extraction,2025-02-01,2026-01-31,,FY,0001108524-26-000060,,2026-03-02,Item 1A Risk Factors,10-K text,0.65,Risk factor heading or theme evidence.
Salesforce,1108524,D02,Litigation disclosures,,,TEXT_QUAL,TEXT,text/event extraction,2025-02-01,2026-01-31,,FY,0001108524-26-000060,,2026-03-02,Item 3 / litigation,10-K text,0.65,Legal proceedings or litigation text evidence.
Salesforce,1108524,D03,Regulatory investigations,,,TEXT_QUAL,TEXT,text/event extraction,2025-02-01,2026-01-31,,FY,0001108524-26-000060,,2026-03-02,Regulatory investigation keywords,10-K text,0.65,Keyword scan across risk/legal text.
Salesforce,1108524,D04,Going concern statements,,,TEXT_QUAL,TEXT,text/event extraction,2025-02-01,2026-01-31,,FY,0001108524-26-000060,,2026-03-02,Going concern,10-K text,0.65,No going-concern doubt phrase found in 10-K text.
Salesforce,1108524,E01,M&A announcements,1,count,8K_ITEM_OK,8K_ITEM,text/event extraction,2025-02-01,2026-01-31,,FY,0001193125-25-145772,,,8-K Item 1.01/2.01/8.01,FY-window 8-K accessions scanned,0.75,M&A candidate from item mapping and keyword rule.
Salesforce,1108524,E02,Bankruptcy filings,0,count,NOT_AVAILABLE_SEC,8K_ITEM,text/event extraction,2025-02-01,2026-01-31,,FY,0001108524-25-000002;0001108524-25-000027;0001108524-25-000033;0001108524-25-000040;0001108524-25-000083;0001108524-25-000168;0001108524-25-000207;0001108524-25-000234;0001193125-25-020881;0001193125-25-126271;0001193125-25-145772,,2025-02-05;2025-02-26;2025-05-27;2025-05-28;2025-06-09;2025-06-24;2025-07-09;2025-09-03;2025-10-16;2025-11-18;2025-12-03,8-K Item 1.03,FY-window 8-K accessions scanned,0.80,No Item 1.03 in FY-window 8-K; zero is normal.
Salesforce,1108524,E03,Leadership departures,3,count,8K_ITEM_OK,8K_ITEM,text/event extraction,2025-02-01,2026-01-31,,FY,0001108524-25-000040;0001108524-25-000033;0001193125-25-020881,,2025-07-09;2025-06-09;2025-02-05,8-K Item 5.02,FY window,0.90,Leadership event.
Salesforce,1108524,E04,Financial restatements,0,count,NOT_AVAILABLE_SEC,8K_ITEM,text/event extraction,2025-02-01,2026-01-31,,FY,0001108524-25-000002;0001108524-25-000027;0001108524-25-000033;0001108524-25-000040;0001108524-25-000083;0001108524-25-000168;0001108524-25-000207;0001108524-25-000234;0001193125-25-020881;0001193125-25-126271;0001193125-25-145772,,2025-02-05;2025-02-26;2025-05-27;2025-05-28;2025-06-09;2025-06-24;2025-07-09;2025-09-03;2025-10-16;2025-11-18;2025-12-03,8-K Item 4.02,FY-window 8-K accessions scanned,0.80,FY-window 8-K scanned; no item 4.02 found.
Salesforce,1108524,E05,Material agreements,1,count,8K_ITEM_OK,8K_ITEM,text/event extraction,2025-02-01,2026-01-31,,FY,0001193125-25-145772,,2025-06-24,8-K Item 1.01,FY window,0.90,Material agreement event.
Lumen Technologies,18926,B01,Revenue,11331000000,USD,OK,STD_XBRL,direct,2025-01-01,2025-12-31,2025,FY,0000018926-26-000014,10-K,2026-02-20,RevenueFromContractWithCustomerExcludingAssessedTax,companyfacts:USD:CY2025,0.95,Revenue candidate chain from metric definition.
Lumen Technologies,18926,B02,Revenue YoY growth,-0.06579272817214939401434578283,ratio,OK,DERIVED,(Revenue_t - Revenue_t-1) / Revenue_t-1,2025-01-01,2025-12-31,2025,FY,0000018926-26-000014;0000018926-25-000010,10-K,2026-02-20;2025-02-20,RevenueFromContractWithCustomerExcludingAssessedTax+RevenueFromContractWithCustomerExcludingAssessedTax,companyfacts:USD:CY2025;companyfacts:USD:,0.90,Same revenue candidate chain YoY pair after continuity checks.
Lumen Technologies,18926,B03,EBITDA margin,0.1709469596681669755537904863,ratio,OK,DERIVED,(Operating income + D&A) / revenue,2025-01-01,2025-12-31,2025,FY,0000018926-26-000014;0000018926-26-000014;0000018926-26-000014,10-K,2026-02-20;2026-02-20;2026-02-20,OperatingIncomeLoss+DepreciationDepletionAndAmortization+RevenueFromContractWithCustomerExcludingAssessedTax,companyfacts:USD:CY2025;companyfacts:USD:CY2025;companyfacts:USD:CY2025,0.90,Direct OperatingIncomeLoss selected. Direct D&A concept selected. GAAP EBITDA proxy; impairment is not added back.
Lumen Technologies,18926,B04,Net income,-1739000000,USD,OK,STD_XBRL,direct,2025-01-01,2025-12-31,2025,FY,0000018926-26-000014,10-K,2026-02-20,NetIncomeLoss,companyfacts:USD:,0.95,Net income candidate chain from metric definition.
Lumen Technologies,18926,B05,Free cash flow,371000000,USD,OK,DERIVED,operating cash flow - capital expenditures,2025-01-01,2025-12-31,2025,FY,0000018926-26-000014;0000018926-26-000014,10-K,2026-02-20;2026-02-20,NetCashProvidedByUsedInOperatingActivities+PaymentsToAcquireProductiveAssets,companyfacts:USD:CY2025;companyfacts:USD:CY2025,0.90,Capex chain allows PaymentsToAcquireProductiveAssets.
Lumen Technologies,18926,B06,Debt-to-equity,,ratio,NOT_MEANINGFUL,NOT_AVAILABLE,total debt / shareholders' equity,,2025-12-31,2025,FY,0000018926-26-000014;0000018926-26-000014,10-K,2026-02-20;2026-02-20,DebtAndCapitalLeaseObligations+StockholdersEquity,companyfacts:USD:;companyfacts:USD:,0.00,Equity is negative; debt/equity ratio is not economically meaningful. Total debt candidate=17441000000. Tier 1 direct total debt selected; no adders applied.
Lumen Technologies,18926,B07,Interest coverage ratio,,ratio,NOT_MEANINGFUL,NOT_AVAILABLE,operating income / interest expense,2025-01-01,2025-12-31,2025,FY,0000018926-26-000014;0000018926-26-000014,10-K,2026-02-20;2026-02-20,OperatingIncomeLoss+InterestExpense,companyfacts:USD:CY2025;companyfacts:USD:CY2025,0.00,Operating income is non-positive.
Lumen Technologies,18926,B08,Current ratio,1.801594533029612756264236902,ratio,OK,DERIVED,current assets / current liabilities,2025-12-31,2025-12-31,2025,FY,0000018926-26-000014;0000018926-26-000014,10-K,2026-02-20;2026-02-20,AssetsCurrent+LiabilitiesCurrent,companyfacts:USD:;companyfacts:USD:,0.90,Financial-institution profiles handle current ratio as structural N/A.
Lumen Technologies,18926,B09,Cash reserves,1003000000,USD,OK,STD_XBRL,direct,2025-12-31,2025-12-31,2025,FY,0000018926-26-000014,10-K,2026-02-20,CashAndCashEquivalentsAtCarryingValue,companyfacts:USD:,0.95,Cash and cash equivalents only; short-term investments not merged.
Lumen Technologies,18926,C01,CEO / CFO changes,2,count,8K_ITEM_OK,8K_ITEM,text/event extraction,2025-01-01,2025-12-31,,FY,0001193125-25-308717;0001193125-25-203545,,2025-12-05;2025-09-15,8-K Item 5.02,FY window,0.90,CEO/CFO or director/officer event.
Lumen Technologies,18926,C02,Board composition,,,TEXT_QUAL,DEF14A,text/event extraction,2025-01-01,2025-12-31,,FY,0000018926-26-000024,,2026-04-06,DEF 14A board section,proxy statement,0.65,Textual board evidence captured; structured counts need review.
Lumen Technologies,18926,C03,Executive compensation signals,24936641,USD,DEF14A_OK,DEF14A,text/event extraction,2025-01-01,2025-12-31,,FY,0000018926-26-000024,,2026-04-06,PeoTotalCompAmt,ecd:IndividualAxis=lumn:KathleenJohnsonMember,0.85,Selected ecd:PeoTotalCompAmt; duplicate contexts retained in evidence.
Lumen Technologies,18926,C04,Auditor changes,0,flag,DIM_XBRL_OK,DIM_XBRL,text/event extraction,2025-01-01,2025-12-31,,FY,0000018926-26-000014,,2026-02-20,AuditorName,current/prior 10-K instance,0.80,auditor unchanged; current_accession=0000018926-26-000014; prior_accession=0000018926-25-000010; manual confirmation required when changed.
Lumen Technologies,18926,D01,Risk factors summary,,,TEXT_QUAL,TEXT,text/event extraction,2025-01-01,2025-12-31,,FY,0000018926-26-000014,,2026-02-20,Item 1A Risk Factors,10-K text,0.65,Risk factor heading or theme evidence.
Lumen Technologies,18926,D02,Litigation disclosures,,,TEXT_QUAL,TEXT,text/event extraction,2025-01-01,2025-12-31,,FY,0000018926-26-000014,,2026-02-20,Item 3 / litigation,10-K text,0.65,Legal proceedings or litigation text evidence.
Lumen Technologies,18926,D03,Regulatory investigations,,,TEXT_QUAL,TEXT,text/event extraction,2025-01-01,2025-12-31,,FY,0000018926-26-000014,,2026-02-20,Regulatory investigation keywords,10-K text,0.65,Keyword scan across risk/legal text.
Lumen Technologies,18926,D04,Going concern statements,,,TEXT_QUAL,TEXT,text/event extraction,2025-01-01,2025-12-31,,FY,0000018926-26-000014,,2026-02-20,Going concern,10-K text,0.65,No going-concern doubt phrase found in 10-K text.
Lumen Technologies,18926,E01,M&A announcements,7,count,8K_ITEM_OK,8K_ITEM,text/event extraction,2025-01-01,2025-12-31,,FY,0001193125-25-330850;0001193125-25-223206;0001193125-25-198334;0001193125-25-182730;0001193125-25-152683;0001193125-25-124002;0000018926-25-000039,,,8-K Item 1.01/2.01/8.01,FY-window 8-K accessions scanned,0.75,M&A candidate from item mapping and keyword rule.
Lumen Technologies,18926,E02,Bankruptcy filings,0,count,NOT_AVAILABLE_SEC,8K_ITEM,text/event extraction,2025-01-01,2025-12-31,,FY,0000018926-25-000004;0000018926-25-000039;0000018926-25-000047;0000018926-25-000059;0000018926-25-000092;0000018926-25-000110;0001193125-25-124002;0001193125-25-141702;0001193125-25-152683;0001193125-25-172843;0001193125-25-182730;0001193125-25-196061;0001193125-25-198334;0001193125-25-203545;0001193125-25-223206;0001193125-25-308717;0001193125-25-311581;0001193125-25-327637;0001193125-25-330850,,2025-02-04;2025-04-02;2025-05-01;2025-05-15;2025-05-21;2025-06-17;2025-06-30;2025-07-31;2025-08-05;2025-08-18;2025-09-04;2025-09-08;2025-09-15;2025-09-29;2025-10-30;2025-12-05;2025-12-09;2025-12-22;2025-12-23,8-K Item 1.03,FY-window 8-K accessions scanned,0.80,No Item 1.03 in FY-window 8-K; zero is normal.
Lumen Technologies,18926,E03,Leadership departures,2,count,8K_ITEM_OK,8K_ITEM,text/event extraction,2025-01-01,2025-12-31,,FY,0001193125-25-308717;0001193125-25-203545,,2025-12-05;2025-09-15,8-K Item 5.02,FY window,0.90,Leadership event.
Lumen Technologies,18926,E04,Financial restatements,0,count,NOT_AVAILABLE_SEC,8K_ITEM,text/event extraction,2025-01-01,2025-12-31,,FY,0000018926-25-000004;0000018926-25-000039;0000018926-25-000047;0000018926-25-000059;0000018926-25-000092;0000018926-25-000110;0001193125-25-124002;0001193125-25-141702;0001193125-25-152683;0001193125-25-172843;0001193125-25-182730;0001193125-25-196061;0001193125-25-198334;0001193125-25-203545;0001193125-25-223206;0001193125-25-308717;0001193125-25-311581;0001193125-25-327637;0001193125-25-330850,,2025-02-04;2025-04-02;2025-05-01;2025-05-15;2025-05-21;2025-06-17;2025-06-30;2025-07-31;2025-08-05;2025-08-18;2025-09-04;2025-09-08;2025-09-15;2025-09-29;2025-10-30;2025-12-05;2025-12-09;2025-12-22;2025-12-23,8-K Item 4.02,FY-window 8-K accessions scanned,0.80,FY-window 8-K scanned; no item 4.02 found.
Lumen Technologies,18926,E05,Material agreements,7,count,8K_ITEM_OK,8K_ITEM,text/event extraction,2025-01-01,2025-12-31,,FY,0001193125-25-330850;0001193125-25-223206;0001193125-25-198334;0001193125-25-182730;0001193125-25-152683;0001193125-25-124002;0000018926-25-000039,,2025-12-23;2025-09-29;2025-09-08;2025-08-18;2025-06-30;2025-05-21;2025-04-02,8-K Item 1.01,FY window,0.90,Material agreement event.
Macy's,794367,B01,Revenue,21764000000,USD,OK,STD_XBRL,direct,2025-02-02,2026-01-31,2025,FY,0001628280-26-021721,10-K,2026-03-27,RevenueFromContractWithCustomerExcludingAssessedTax,companyfacts:USD:CY2025,0.95,Revenue candidate chain from metric definition.
Macy's,794367,B02,Revenue YoY growth,-0.02372942179159377383035033419,ratio,OK,DERIVED,(Revenue_t - Revenue_t-1) / Revenue_t-1,2025-02-02,2026-01-31,2025,FY,0001628280-26-021721;0001628280-25-014315,10-K,2026-03-27;2025-03-21,RevenueFromContractWithCustomerExcludingAssessedTax+RevenueFromContractWithCustomerExcludingAssessedTax,companyfacts:USD:CY2025;companyfacts:USD:,0.90,Same revenue candidate chain YoY pair after continuity checks.
Macy's,794367,B03,EBITDA margin,0.08840286712001470317956258041,ratio,OK,DERIVED,(Operating income + D&A) / revenue,2025-02-02,2026-01-31,2025,FY,0001628280-26-021721;0001628280-26-021721;0001628280-26-021721,10-K,2026-03-27;2026-03-27;2026-03-27,OperatingIncomeLoss+DepreciationDepletionAndAmortization+RevenueFromContractWithCustomerExcludingAssessedTax,companyfacts:USD:CY2025;companyfacts:USD:CY2025;companyfacts:USD:CY2025,0.90,Direct OperatingIncomeLoss selected. Direct D&A concept selected. GAAP EBITDA proxy; impairment is not added back.
Macy's,794367,B04,Net income,642000000,USD,OK,STD_XBRL,direct,2025-02-02,2026-01-31,2025,FY,0001628280-26-021721,10-K,2026-03-27,NetIncomeLoss,companyfacts:USD:CY2025,0.95,Net income candidate chain from metric definition.
Macy's,794367,B05,Free cash flow,1057000000,USD,OK,DERIVED,operating cash flow - capital expenditures,2025-02-02,2026-01-31,2025,FY,0001628280-26-021721;0001628280-26-021721,10-K,2026-03-27;2026-03-27,NetCashProvidedByUsedInOperatingActivities+PaymentsToAcquirePropertyPlantAndEquipment,companyfacts:USD:CY2025;companyfacts:USD:CY2025,0.90,Capex chain allows PaymentsToAcquireProductiveAssets.
Macy's,794367,B06,Debt-to-equity,0.5004115226337448559670781893,ratio,OK,DERIVED,total debt / shareholders' equity,2026-01-31,2026-01-31,2025,FY,0001628280-26-021721;0001628280-26-021721,10-K,2026-03-27;2026-03-27,LongTermDebtAndCapitalLeaseObligations+StockholdersEquity,companyfacts:USD:;companyfacts:USD:,0.90,Consolidated entity-level debt/equity; Standalone LongTermDebtAndCapitalLeaseObligations used only after Tier 1 and complete same-family pairs were unavailable. Captive-finance dimensions are reviewed after accession instance parsing.
Macy's,794367,B07,Interest coverage ratio,7.410071942446043165467625899,ratio,OK,DERIVED,operating income / interest expense,2025-02-02,2026-01-31,2025,FY,0001628280-26-021721;0001628280-26-021721,10-K,2026-03-27;2026-03-27,OperatingIncomeLoss+InterestExpense,companyfacts:USD:CY2025;companyfacts:USD:CY2025,0.90,Operating income divided by interest expense.
Macy's,794367,B08,Current ratio,1.485199198753616737146672602,ratio,OK,DERIVED,current assets / current liabilities,2026-01-31,2026-01-31,2025,FY,0001628280-26-021721;0001628280-26-021721,10-K,2026-03-27;2026-03-27,AssetsCurrent+LiabilitiesCurrent,companyfacts:USD:;companyfacts:USD:,0.90,Financial-institution profiles handle current ratio as structural N/A.
Macy's,794367,B09,Cash reserves,1246000000,USD,OK,STD_XBRL,direct,2026-01-31,2026-01-31,2025,FY,0001628280-26-021721,10-K,2026-03-27,CashAndCashEquivalentsAtCarryingValue,companyfacts:USD:,0.95,Cash and cash equivalents only; short-term investments not merged.
Macy's,794367,C01,CEO / CFO changes,2,count,8K_ITEM_OK,8K_ITEM,text/event extraction,2025-02-02,2026-01-31,,FY,0000794367-25-000169;0000794367-25-000054,,2025-12-12;2025-04-01,8-K Item 5.02,FY window,0.90,CEO/CFO or director/officer event.
Macy's,794367,C02,Board composition,,,TEXT_QUAL,DEF14A,text/event extraction,2025-02-02,2026-01-31,,FY,0001104659-26-037752,,2026-03-31,DEF 14A board section,proxy statement,0.65,Textual board evidence captured; structured counts need review.
Macy's,794367,C03,Executive compensation signals,14104067,USD,DEF14A_OK,DEF14A,text/event extraction,2025-02-02,2026-01-31,,FY,0001104659-26-037752,,2026-03-31,PeoTotalCompAmt,,0.85,Selected ecd:PeoTotalCompAmt; duplicate contexts retained in evidence.
Macy's,794367,C04,Auditor changes,0,flag,DIM_XBRL_OK,DIM_XBRL,text/event extraction,2025-02-02,2026-01-31,,FY,0001628280-26-021721,,2026-03-27,AuditorName,current/prior 10-K instance,0.80,auditor unchanged; current_accession=0001628280-26-021721; prior_accession=0001628280-25-014315; manual confirmation required when changed.
Macy's,794367,D01,Risk factors summary,,,TEXT_QUAL,TEXT,text/event extraction,2025-02-02,2026-01-31,,FY,0001628280-26-021721,,2026-03-27,Item 1A Risk Factors,10-K text,0.65,Risk factor heading or theme evidence.
Macy's,794367,D02,Litigation disclosures,,,TEXT_QUAL,TEXT,text/event extraction,2025-02-02,2026-01-31,,FY,0001628280-26-021721,,2026-03-27,Item 3 / litigation,10-K text,0.65,Legal proceedings or litigation text evidence.
Macy's,794367,D03,Regulatory investigations,,,TEXT_QUAL,TEXT,text/event extraction,2025-02-02,2026-01-31,,FY,0001628280-26-021721,,2026-03-27,Regulatory investigation keywords,10-K text,0.65,Keyword scan across risk/legal text.
Macy's,794367,D04,Going concern statements,,,TEXT_QUAL,TEXT,text/event extraction,2025-02-02,2026-01-31,,FY,0001628280-26-021721,,2026-03-27,Going concern,10-K text,0.65,No going-concern doubt phrase found in 10-K text.
Macy's,794367,E01,M&A announcements,2,count,8K_ITEM_OK,8K_ITEM,text/event extraction,2025-02-02,2026-01-31,,FY,0000794367-25-000137;0000794367-25-000087,,,8-K Item 1.01/2.01/8.01,FY-window 8-K accessions scanned,0.75,M&A candidate from item mapping and keyword rule.
Macy's,794367,E02,Bankruptcy filings,0,count,NOT_AVAILABLE_SEC,8K_ITEM,text/event extraction,2025-02-02,2026-01-31,,FY,0000794367-25-000010;0000794367-25-000054;0000794367-25-000087;0000794367-25-000092;0000794367-25-000128;0000794367-25-000132;0000794367-25-000137;0000794367-25-000139;0000794367-25-000165;0000794367-25-000169;0001628280-25-010767;0001628280-25-028040;0001628280-25-054900,,2025-02-28;2025-03-06;2025-04-01;2025-04-09;2025-05-20;2025-05-28;2025-07-14;2025-07-29;2025-09-03;2025-12-03;2025-12-12,8-K Item 1.03,FY-window 8-K accessions scanned,0.80,No Item 1.03 in FY-window 8-K; zero is normal.
Macy's,794367,E03,Leadership departures,2,count,8K_ITEM_OK,8K_ITEM,text/event extraction,2025-02-02,2026-01-31,,FY,0000794367-25-000169;0000794367-25-000054,,2025-12-12;2025-04-01,8-K Item 5.02,FY window,0.90,Leadership event.
Macy's,794367,E04,Financial restatements,0,count,NOT_AVAILABLE_SEC,8K_ITEM,text/event extraction,2025-02-02,2026-01-31,,FY,0000794367-25-000010;0000794367-25-000054;0000794367-25-000087;0000794367-25-000092;0000794367-25-000128;0000794367-25-000132;0000794367-25-000137;0000794367-25-000139;0000794367-25-000165;0000794367-25-000169;0001628280-25-010767;0001628280-25-028040;0001628280-25-054900,,2025-02-28;2025-03-06;2025-04-01;2025-04-09;2025-05-20;2025-05-28;2025-07-14;2025-07-29;2025-09-03;2025-12-03;2025-12-12,8-K Item 4.02,FY-window 8-K accessions scanned,0.80,FY-window 8-K scanned; no item 4.02 found.
Macy's,794367,E05,Material agreements,2,count,8K_ITEM_OK,8K_ITEM,text/event extraction,2025-02-02,2026-01-31,,FY,0000794367-25-000137;0000794367-25-000087,,2025-07-29;2025-04-09,8-K Item 1.01,FY window,0.90,Material agreement event.
Paramount Skydance / Paramount Global,2041610,B01,Revenue,,,NOT_MEANINGFUL,NOT_AVAILABLE,direct companyfacts candidate chain,2025-08-08,2025-12-31,,,0002041610-26-000011,,,,,0.00,successor stub period 2025-08-08 to 2025-12-31; annual metric not comparable.
Paramount Skydance / Paramount Global,2041610,B02,Revenue YoY growth,,,NOT_MEANINGFUL,NOT_AVAILABLE,(Revenue_t - Revenue_t-1) / Revenue_t-1,2025-08-08,2025-12-31,,,0002041610-26-000011,10-K,,,,0.00,successor stub period 2025-08-08 to 2025-12-31; annual metric not comparable.
Paramount Skydance / Paramount Global,2041610,B03,EBITDA margin,,,NOT_MEANINGFUL,NOT_AVAILABLE,(Operating income + D&A) / revenue,2025-08-08,2025-12-31,,,0002041610-26-000011,10-K,,,,0.00,successor stub period 2025-08-08 to 2025-12-31; annual metric not comparable.
Paramount Skydance / Paramount Global,2041610,B04,Net income,,,NOT_MEANINGFUL,NOT_AVAILABLE,direct companyfacts candidate chain,2025-08-08,2025-12-31,,,0002041610-26-000011,,,,,0.00,successor stub period 2025-08-08 to 2025-12-31; annual metric not comparable.
Paramount Skydance / Paramount Global,2041610,B05,Free cash flow,,,NOT_MEANINGFUL,NOT_AVAILABLE,operating cash flow - capital expenditures,2025-08-08,2025-12-31,,,0002041610-26-000011,10-K,,,,0.00,successor stub period 2025-08-08 to 2025-12-31; annual metric not comparable.
Paramount Skydance / Paramount Global,2041610,B06,Debt-to-equity,1.168049260241169930727785855,ratio,OK,DERIVED,total debt / shareholders' equity,2025-12-31,2025-12-31,2025,FY,0002041610-26-000011;0002041610-26-000011,10-K,2026-02-25;2026-02-25,DebtAndCapitalLeaseObligations+StockholdersEquity,companyfacts:USD:;companyfacts:USD:,0.90,"Consolidated entity-level debt/equity; Tier 1 direct total debt selected; no adders applied. Captive-finance dimensions are reviewed after accession instance parsing. successor balance sheet point-in-time, not annualized period metric."
Paramount Skydance / Paramount Global,2041610,B07,Interest coverage ratio,,,NOT_MEANINGFUL,NOT_AVAILABLE,operating income / interest expense,2025-08-08,2025-12-31,,,0002041610-26-000011,10-K,,,,0.00,successor stub period 2025-08-08 to 2025-12-31; annual metric not comparable.
Paramount Skydance / Paramount Global,2041610,B08,Current ratio,1.256722332295499575431644495,ratio,OK,DERIVED,current assets / current liabilities,2025-12-31,2025-12-31,2025,FY,0002041610-26-000011;0002041610-26-000011,10-K,2026-02-25;2026-02-25,AssetsCurrent+LiabilitiesCurrent,companyfacts:USD:;companyfacts:USD:,0.90,Financial-institution profiles handle current ratio as structural N/A.
Paramount Skydance / Paramount Global,2041610,B09,Cash reserves,3274000000,USD,OK,STD_XBRL,direct,2025-12-31,2025-12-31,2025,FY,0002041610-26-000011,10-K,2026-02-25,CashAndCashEquivalentsAtCarryingValue,companyfacts:USD:,0.95,Cash and cash equivalents only; short-term investments not merged.
Paramount Skydance / Paramount Global,2041610,C01,CEO / CFO changes,10,count,8K_ITEM_OK,8K_ITEM,text/event extraction,2024-01-01,2024-12-31,,FY,0002041610-25-000021;0000813828-24-000087;0000813828-24-000085;0000813828-24-000083;0000813828-24-000075;0000813828-24-000073;0000813828-24-000038;0000813828-24-000034;0000813828-24-000033;0000813828-24-000023,,2025-09-16;2024-12-27;2024-12-11;2024-11-21;2024-10-18;2024-10-15;2024-06-21;2024-06-10;2024-06-10;2024-05-03,8-K Item 5.02,FY window,0.90,CEO/CFO or director/officer event.
Paramount Skydance / Paramount Global,813828,C02,Board composition,,,TEXT_QUAL,DEF14A,text/event extraction,2024-01-01,2025-12-31,,FY,0001140361-25-021135,,2025-06-02,DEF 14A board section,proxy statement,0.65,Textual board evidence captured; structured counts need review.
Paramount Skydance / Paramount Global,813828,C03,Executive compensation signals,,,NOT_EXTRACTED,DEF14A,text/event extraction,2024-01-01,2025-12-31,,FY,0001140361-25-021135,,2025-06-02,PeoTotalCompAmt,target fiscal year,0.35,No numeric ecd:PeoTotalCompAmt fact matched target fiscal year; C03 degraded from previous ecd_fact_count.
Paramount Skydance / Paramount Global,2041610,C04,Auditor changes,,,NEEDS_REVIEW,DIM_XBRL,text/event extraction,2024-01-01,2025-12-31,,FY,0002041610-26-000011,,2026-02-25,AuditorName,current/prior 10-K instance,0.45,"需复核: current auditor read from dei:AuditorName, but prior 10-K instance is missing or lacks AuditorName (prior_10k inventory row)."
Paramount Skydance / Paramount Global,813828,D01,Risk factors summary,,,TEXT_QUAL,TEXT,text/event extraction,2024-01-01,2024-12-31,,FY,0001193125-25-096776,,2025-04-25,Item 1A Risk Factors,10-K text,0.65,Risk factor heading or theme evidence.
Paramount Skydance / Paramount Global,813828,D02,Litigation disclosures,,,TEXT_QUAL,TEXT,text/event extraction,2024-01-01,2024-12-31,,FY,0001193125-25-096776,,2025-04-25,Item 3 / litigation,10-K text,0.65,Legal proceedings or litigation text evidence.
Paramount Skydance / Paramount Global,813828,D03,Regulatory investigations,,,TEXT_QUAL,TEXT,text/event extraction,2024-01-01,2024-12-31,,FY,0001193125-25-096776,,2025-04-25,Regulatory investigation keywords,10-K text,0.65,Keyword scan across risk/legal text.
Paramount Skydance / Paramount Global,813828,D04,Going concern statements,,,TEXT_QUAL,TEXT,text/event extraction,2024-01-01,2024-12-31,,FY,0001193125-25-096776,,2025-04-25,Going concern,10-K text,0.65,No going-concern doubt phrase found in 10-K text.
Paramount Skydance / Paramount Global,2041610,E01,M&A announcements,2,count,8K_ITEM_OK,8K_ITEM,text/event extraction,2024-01-01,2024-12-31,,FY,0001193125-24-196053;0001193125-24-177535,,,8-K Item 1.01/2.01/8.01,FY-window 8-K accessions scanned,0.75,M&A candidate from item mapping and keyword rule.
Paramount Skydance / Paramount Global,2041610,E02,Bankruptcy filings,0,count,NOT_AVAILABLE_SEC,8K_ITEM,text/event extraction,2024-01-01,2024-12-31,,FY,0000813828-24-000009;0000813828-24-000018;0000813828-24-000023;0000813828-24-000028;0000813828-24-000033;0000813828-24-000034;0000813828-24-000038;0000813828-24-000042;0000813828-24-000063;0000813828-24-000069;0000813828-24-000073;0000813828-24-000075;0000813828-24-000081;0000813828-24-000083;0000813828-24-000085;0000813828-24-000087;0001104659-25-123496;0001193125-24-050664;0001193125-24-122356;0001193125-24-177535;0001193125-24-196053;0001193125-24-196972;0001193125-24-253719;0001193125-25-310710;0002041610-25-000021;0002041610-25-000042,,2024-02-28;2024-03-13;2024-04-29;2024-05-03;2024-06-07;2024-06-10;2024-06-21;2024-07-08;2024-07-11;2024-08-07;2024-08-08;2024-08-22;2024-08-27;2024-10-15;2024-10-18;2024-11-08;2024-11-14;2024-11-21;2024-12-11;2024-12-27;2025-09-16;2025-11-10;2025-12-08;2025-12-22,8-K Item 1.03,FY-window 8-K accessions scanned,0.80,No Item 1.03 in FY-window 8-K; zero is normal.
Paramount Skydance / Paramount Global,2041610,E03,Leadership departures,10,count,8K_ITEM_OK,8K_ITEM,text/event extraction,2024-01-01,2024-12-31,,FY,0002041610-25-000021;0000813828-24-000087;0000813828-24-000085;0000813828-24-000083;0000813828-24-000075;0000813828-24-000073;0000813828-24-000038;0000813828-24-000034;0000813828-24-000033;0000813828-24-000023,,2025-09-16;2024-12-27;2024-12-11;2024-11-21;2024-10-18;2024-10-15;2024-06-21;2024-06-10;2024-06-10;2024-05-03,8-K Item 5.02,FY window,0.90,Leadership event.
Paramount Skydance / Paramount Global,2041610,E04,Financial restatements,0,count,NOT_AVAILABLE_SEC,8K_ITEM,text/event extraction,2024-01-01,2024-12-31,,FY,0000813828-24-000009;0000813828-24-000018;0000813828-24-000023;0000813828-24-000028;0000813828-24-000033;0000813828-24-000034;0000813828-24-000038;0000813828-24-000042;0000813828-24-000063;0000813828-24-000069;0000813828-24-000073;0000813828-24-000075;0000813828-24-000081;0000813828-24-000083;0000813828-24-000085;0000813828-24-000087;0001104659-25-123496;0001193125-24-050664;0001193125-24-122356;0001193125-24-177535;0001193125-24-196053;0001193125-24-196972;0001193125-24-253719;0001193125-25-310710;0002041610-25-000021;0002041610-25-000042,,2024-02-28;2024-03-13;2024-04-29;2024-05-03;2024-06-07;2024-06-10;2024-06-21;2024-07-08;2024-07-11;2024-08-07;2024-08-08;2024-08-22;2024-08-27;2024-10-15;2024-10-18;2024-11-08;2024-11-14;2024-11-21;2024-12-11;2024-12-27;2025-09-16;2025-11-10;2025-12-08;2025-12-22,8-K Item 4.02,FY-window 8-K accessions scanned,0.80,FY-window 8-K scanned; no item 4.02 found.
Paramount Skydance / Paramount Global,2041610,E05,Material agreements,2,count,8K_ITEM_OK,8K_ITEM,text/event extraction,2024-01-01,2024-12-31,,FY,0001193125-24-196053;0001193125-24-177535,,2024-08-07;2024-07-11,8-K Item 1.01,FY window,0.90,Material agreement event.
Enphase Energy,1463101,B01,Revenue,1472985000,USD,OK,STD_XBRL,direct,2025-01-01,2025-12-31,2025,FY,0001463101-26-000013,10-K,2026-02-17,RevenueFromContractWithCustomerExcludingAssessedTax,companyfacts:USD:CY2025,0.95,Revenue candidate chain from metric definition.
Enphase Energy,1463101,B02,Revenue YoY growth,0.1071886817555546034487812908,ratio,OK,DERIVED,(Revenue_t - Revenue_t-1) / Revenue_t-1,2025-01-01,2025-12-31,2025,FY,0001463101-26-000013;0001463101-25-000024,10-K,2026-02-17;2025-02-10,RevenueFromContractWithCustomerExcludingAssessedTax+RevenueFromContractWithCustomerExcludingAssessedTax,companyfacts:USD:CY2025;companyfacts:USD:,0.90,Same revenue candidate chain YoY pair after continuity checks.
Enphase Energy,1463101,B03,EBITDA margin,0.1616927531509146393208349033,ratio,OK,DERIVED,(Operating income + D&A) / revenue,2025-01-01,2025-12-31,2025,FY,0001463101-26-000013;0001463101-26-000013;0001463101-26-000013,10-K,2026-02-17;2026-02-17;2026-02-17,OperatingIncomeLoss+DepreciationDepletionAndAmortization+RevenueFromContractWithCustomerExcludingAssessedTax,companyfacts:USD:CY2025;companyfacts:USD:CY2025;companyfacts:USD:CY2025,0.90,Direct OperatingIncomeLoss selected. Direct D&A concept selected. GAAP EBITDA proxy; impairment is not added back.
Enphase Energy,1463101,B04,Net income,172133000,USD,OK,STD_XBRL,direct,2025-01-01,2025-12-31,2025,FY,0001463101-26-000013,10-K,2026-02-17,NetIncomeLoss,companyfacts:USD:CY2025,0.95,Net income candidate chain from metric definition.
Enphase Energy,1463101,B05,Free cash flow,95901000,USD,OK,DERIVED,operating cash flow - capital expenditures,2025-01-01,2025-12-31,2025,FY,0001463101-26-000013;0001463101-26-000013,10-K,2026-02-17;2026-02-17,NetCashProvidedByUsedInOperatingActivities+PaymentsToAcquirePropertyPlantAndEquipment,companyfacts:USD:CY2025;companyfacts:USD:CY2025,0.90,Capex chain allows PaymentsToAcquireProductiveAssets.
Enphase Energy,1463101,B06,Debt-to-equity,1.107959077222837051285943352,ratio,OK,DERIVED,total debt / shareholders' equity,2025-12-31,2025-12-31,2025,FY,0001463101-26-000013;0001463101-26-000013;0001463101-26-000013,10-K,2026-02-17;2026-02-17;2026-02-17,LongTermDebtCurrent+LongTermDebtNoncurrent+StockholdersEquity,companyfacts:USD:;companyfacts:USD:;companyfacts:USD:,0.90,Consolidated entity-level debt/equity; Tier 2 same-family current/noncurrent debt pair selected. Captive-finance dimensions are reviewed after accession instance parsing.
Enphase Energy,1463101,B07,Interest coverage ratio,34.84317628843176288431762884,ratio,OK,DERIVED,operating income / interest expense,2025-01-01,2025-12-31,2025,FY,0001463101-26-000013;0001463101-26-000013,10-K,2026-02-17;2026-02-17,OperatingIncomeLoss+InterestExpenseNonoperating,companyfacts:USD:CY2025;companyfacts:USD:CY2025,0.90,Operating income divided by interest expense.
Enphase Energy,1463101,B08,Current ratio,2.065412193479380422295289783,ratio,OK,DERIVED,current assets / current liabilities,2025-12-31,2025-12-31,2025,FY,0001463101-26-000013;0001463101-26-000013,10-K,2026-02-17;2026-02-17,AssetsCurrent+LiabilitiesCurrent,companyfacts:USD:;companyfacts:USD:,0.90,Financial-institution profiles handle current ratio as structural N/A.
Enphase Energy,1463101,B09,Cash reserves,474318000,USD,OK,STD_XBRL,direct,2025-12-31,2025-12-31,2025,FY,0001463101-26-000013,10-K,2026-02-17,CashAndCashEquivalentsAtCarryingValue,companyfacts:USD:,0.95,Cash and cash equivalents only; short-term investments not merged.
Enphase Energy,1463101,B13,Capacity utilization,,,TEXT_QUAL,TEXT,text/event extraction,2025-01-01,2025-12-31,,FY,0001463101-26-000013,,2026-02-17,Capacity utilization,10-K text,0.65,Only qualitative capacity evidence is used unless a ratio appears.
Enphase Energy,1463101,C01,CEO / CFO changes,1,count,8K_ITEM_OK,8K_ITEM,text/event extraction,2025-01-01,2025-12-31,,FY,0001463101-25-000075,,2025-05-20,8-K Item 5.02,FY window,0.90,CEO/CFO or director/officer event.
Enphase Energy,1463101,C02,Board composition,,,TEXT_QUAL,DEF14A,text/event extraction,2025-01-01,2025-12-31,,FY,0001463101-26-000026,,2026-04-01,DEF 14A board section,proxy statement,0.65,Textual board evidence captured; structured counts need review.
Enphase Energy,1463101,C03,Executive compensation signals,9601958,USD,DEF14A_OK,DEF14A,text/event extraction,2025-01-01,2025-12-31,,FY,0001463101-26-000026,,2026-04-01,PeoTotalCompAmt,,0.85,Selected ecd:PeoTotalCompAmt; duplicate contexts retained in evidence.
Enphase Energy,1463101,C04,Auditor changes,0,flag,DIM_XBRL_OK,DIM_XBRL,text/event extraction,2025-01-01,2025-12-31,,FY,0001463101-26-000013,,2026-02-17,AuditorName,current/prior 10-K instance,0.80,auditor unchanged; current_accession=0001463101-26-000013; prior_accession=0001463101-25-000024; manual confirmation required when changed.
Enphase Energy,1463101,D01,Risk factors summary,,,TEXT_QUAL,TEXT,text/event extraction,2025-01-01,2025-12-31,,FY,0001463101-26-000013,,2026-02-17,Item 1A Risk Factors,10-K text,0.65,Risk factor heading or theme evidence.
Enphase Energy,1463101,D02,Litigation disclosures,,,TEXT_QUAL,TEXT,text/event extraction,2025-01-01,2025-12-31,,FY,0001463101-26-000013,,2026-02-17,Item 3 / litigation,10-K text,0.65,Legal proceedings or litigation text evidence.
Enphase Energy,1463101,D03,Regulatory investigations,,,TEXT_QUAL,TEXT,text/event extraction,2025-01-01,2025-12-31,,FY,0001463101-26-000013,,2026-02-17,Regulatory investigation keywords,10-K text,0.65,Keyword scan across risk/legal text.
Enphase Energy,1463101,D04,Going concern statements,,,TEXT_QUAL,TEXT,text/event extraction,2025-01-01,2025-12-31,,FY,0001463101-26-000013,,2026-02-17,Going concern,10-K text,0.65,No going-concern doubt phrase found in 10-K text.
Enphase Energy,1463101,E01,M&A announcements,0,count,NOT_AVAILABLE_SEC,8K_ITEM,text/event extraction,2025-01-01,2025-12-31,,FY,0001463101-25-000014;0001463101-25-000054;0001463101-25-000075;0001463101-25-000090;0001463101-25-000099;0001463101-25-000111,,2025-02-04;2025-04-22;2025-05-20;2025-06-30;2025-07-22;2025-10-28,8-K Item 1.01/2.01/8.01,FY-window 8-K accessions scanned,0.75,FY-window 8-K scanned; no M&A item rule matched.
Enphase Energy,1463101,E02,Bankruptcy filings,0,count,NOT_AVAILABLE_SEC,8K_ITEM,text/event extraction,2025-01-01,2025-12-31,,FY,0001463101-25-000014;0001463101-25-000054;0001463101-25-000075;0001463101-25-000090;0001463101-25-000099;0001463101-25-000111,,2025-02-04;2025-04-22;2025-05-20;2025-06-30;2025-07-22;2025-10-28,8-K Item 1.03,FY-window 8-K accessions scanned,0.80,No Item 1.03 in FY-window 8-K; zero is normal.
Enphase Energy,1463101,E03,Leadership departures,1,count,8K_ITEM_OK,8K_ITEM,text/event extraction,2025-01-01,2025-12-31,,FY,0001463101-25-000075,,2025-05-20,8-K Item 5.02,FY window,0.90,Leadership event.
Enphase Energy,1463101,E04,Financial restatements,0,count,NOT_AVAILABLE_SEC,8K_ITEM,text/event extraction,2025-01-01,2025-12-31,,FY,0001463101-25-000014;0001463101-25-000054;0001463101-25-000075;0001463101-25-000090;0001463101-25-000099;0001463101-25-000111,,2025-02-04;2025-04-22;2025-05-20;2025-06-30;2025-07-22;2025-10-28,8-K Item 4.02,FY-window 8-K accessions scanned,0.80,FY-window 8-K scanned; no item 4.02 found.
Enphase Energy,1463101,E05,Material agreements,0,count,NOT_AVAILABLE_SEC,8K_ITEM,text/event extraction,2025-01-01,2025-12-31,,FY,0001463101-25-000014;0001463101-25-000054;0001463101-25-000075;0001463101-25-000090;0001463101-25-000099;0001463101-25-000111,,2025-02-04;2025-04-22;2025-05-20;2025-06-30;2025-07-22;2025-10-28,8-K Item 1.01,FY-window 8-K accessions scanned,0.80,FY-window 8-K scanned; no item 1.01 found.
